Workbook
Name pacul_05_05_2021: 'Get External'!#REF!

Sheet Get External

Sheet STOK PACUL
A1: NoItemCOPY | B1: RakBarang | C1: NoItem | D1: NamaItem | E1: Quantity | F1: NOTE | G1: STS | H1: SO+BR DTG | I1: CATATAN
A2: - | B2: NOSTOK | C2: - | D2: - | E2: 0 | H2: =E2+SUMIF('BR DTG PACUL'!C:C,'STOK PACUL'!C2,'BR DTG PACUL'!E:E) -> 0 | I2: JANGAN LUPA KOLOM H COPY RUMUS SAMPAI BAWAH
A3: 011-K44-NPP PK | B3: NOSTOK | C3: 011-K44-NPP PK | D3: PISTON KIT H.BEAT/SCOOPY FI ESP NPP | E3: 0 | H3: =E3+SUMIF('BR DTG PACUL'!C:C,'STOK PACUL'!C3,'BR DTG PACUL'!E:E) -> 0
A4: 011-KPH-950-025 | B4: NOSTOK | C4: 011-KPH-950-025 | D4: RING PISTON H.KARISMA IMI | E4: 0 | H4: =E4+SUMIF('BR DTG PACUL'!C:C,'STOK PACUL'!C4,'BR DTG PACUL'!E:E) -> 0
A5: 011-KPH-NPP PK | B5: NOSTOK | C5: 011-KPH-NPP PK | D5: PISTON KIT H.KARISMA/SUPRA X 125 NPP (150) | E5: 0 | H5: =E5+SUMIF('BR DTG PACUL'!C:C,'STOK PACUL'!C5,'BR DTG PACUL'!E:E) -> 0
A6: 011-KVY-900 | B6: NOSTOK | C6: 011-KVY-900 | D6: KLEP IN-EX (SET) H.BEAT CARBU NPP (011-KVY-901) | E6: 0 | H6: =E6+SUMIF('BR DTG PACUL'!C:C,'STOK PACUL'!C6,'BR DTG PACUL'!E:E) -> 0
A7: 011-KVY-NPP PK | B7: NOSTOK | C7: 011-KVY-NPP PK | D7: PISTON KIT H.BEAT CARBU NPP | E7: 0 | H7: =E7+SUMIF('BR DTG PACUL'!C:C,'STOK PACUL'!C7,'BR DTG PACUL'!E:E) -> 0
A8: 011-KZR-NPP PK | B8: NOSTOK | C8: 011-KZR-NPP PK | D8: PISTON KIT H.VARIO 125 OS 50 NPP | E8: 0 | H8: =E8+SUMIF('BR DTG PACUL'!C:C,'STOK PACUL'!C8,'BR DTG PACUL'!E:E) -> 0
A9: 01-C21-300-40AA | B9: NOSTOK | C9: 01-C21-300-40AA | D9: BATOK DEPAN SMASH 125 WIN | E9: 0 | H9: =E9+SUMIF('BR DTG PACUL'!C:C,'STOK PACUL'!C9,'BR DTG PACUL'!E:E) -> 0
A10: 01-C21-307-40AA | B10: NOSTOK | C10: 01-C21-307-40AA | D10: SLEBOR DEPAN SMASH 125 WIN | E10: 0 | H10: =E10+SUMIF('BR DTG PACUL'!C:C,'STOK PACUL'!C10,'BR DTG PACUL'!E:E) -> 0
A11: 01-D17-706-99AA | B11: NOSTOK | C11: 01-D17-706-99AA | D11: SWITCH REM Y.JUPITER Z IMI | E11: 0 | H11: =E11+SUMIF('BR DTG PACUL'!C:C,'STOK PACUL'!C11,'BR DTG PACUL'!E:E) -> 0
A12: 01-D24-001-00AA | B12: BODYPART | C12: 01-D24-001-00AA | D12: MIKA LAMPU DEPAN Y.MIO/KACA LAMPU DEPAN MIO | E12: 1 | H12: =E12+SUMIF('BR DTG PACUL'!C:C,'STOK PACUL'!C12,'BR DTG PACUL'!E:E) -> 1
A13: 06141-GN5-505 | B13: NOSTOK | C13: 06141-GN5-505 | D13: RANTE KETENG SUPRA X | E13: 0 | H13: =E13+SUMIF('BR DTG PACUL'!C:C,'STOK PACUL'!C13,'BR DTG PACUL'!E:E) -> 0
A14: 06141-KRS-505 | B14: NOSTOK | C14: 06141-KRS-505 | D14: KETENG SET SUPRAFIT NEW | E14: 0 | H14: =E14+SUMIF('BR DTG PACUL'!C:C,'STOK PACUL'!C14,'BR DTG PACUL'!E:E) -> 0
... A80: 1110-159NS | B80: NOSTOK | C80: 1110-159NS | D80: RUJI BELAKANG KARISMA/REVO | E80: 0 | H80: =E80+SUMIF('BR DTG PACUL'!C:C,'STOK PACUL'!C80,'BR DTG PACUL'!E:E) -> 0
A81: 11103-KVB-901 | B81: NOSTOK | C81: 11103-KVB-901 | D81: KARET MONTING H.VARIO ORI | E81: 0 | F81: 11103-KVB-930 | H81: =E81+SUMIF('BR DTG PACUL'!C:C,'STOK PACUL'!C81,'BR DTG PACUL'!E:E) -> 0
A82: 11103-KVB-930 | B82: KARET & SELANG | C82: 11103-KVB-930 | D82: KARET MONTING H.VARIO ORI | E82: 2 | F82: 11103-KVB-930 | H82: =E82+SUMIF('BR DTG PACUL'!C:C,'STOK PACUL'!C82,'BR DTG PACUL'!E:E) -> 2
A83: 11108-KZL-930 | B83: NOSTOK | C83: 11108-KZL-930 | D83: PLAT KANCINGAN AS PULLY BEAT/VARIO | E83: 0 | H83: =E83+SUMIF('BR DTG PACUL'!C:C,'STOK PACUL'!C83,'BR DTG PACUL'!E:E) -> 0
A84: 1111-160 | B84: NOSTOK | C84: 1111-160 | D84: SUP RUJI 250-1 H.AHM | E84: 0 | H84: =E84+SUMIF('BR DTG PACUL'!C:C,'STOK PACUL'!C84,'BR DTG PACUL'!E:E) -> 0
A85: 1111-183 | B85: NOSTOK | C85: 1111-183 | D85: SUP/RUJI DEPAN H.SUPRA X 125 ORI | E85: 0 | H85: =E85+SUMIF('BR DTG PACUL'!C:C,'STOK PACUL'!C85,'BR DTG PACUL'!E:E) -> 0
A86: 11173-46G10-000 | B86: NOSTOK | C86: 11173-46G10-000 | D86: SEAL HEAD/KARET SILINDER HEAD S.SPIN ORI | E86: 0 | H86: =E86+SUMIF('BR DTG PACUL'!C:C,'STOK PACUL'!C86,'BR DTG PACUL'!E:E) -> 0
A87: 11203-KVB-901 | B87: NOSTOK | C87: 11203-KVB-901 | D87: KARET BAWAH SHOCK BELAKANG H.VARIO ORI | E87: 0 | H87: =E87+SUMIF('BR DTG PACUL'!C:C,'STOK PACUL'!C87,'BR DTG PACUL'!E:E) -> 0
A88: 11210B09G10N000 | B88: NOSTOK | C88: 11210B09G10N000 | D88: BLOK + PISTON S.SMASH ORI | E88: 0 | H88: =E88+SUMIF('BR DTG PACUL'!C:C,'STOK PACUL'!C88,'BR DTG PACUL'!E:E) -> 0
A89: 11361-K44-V00 | B89: NOSTOK | C89: 11361-K44-V00 | D89: TUTUP POMPA OLI BEAT/SCOOPY/ESP | E89: 0 | H89: =E89+SUMIF('BR DTG PACUL'!C:C,'STOK PACUL'!C89,'BR DTG PACUL'!E:E) -> 0
A90: 11361-KWN-901 | C90: 11361-KWN-901 | D90: PLAT DUDUKAN SPULL ASSY H.VARIO ORI | E90: 0 | H90: =E90+SUMIF('BR DTG PACUL'!C:C,'STOK PACUL'!C90,'BR DTG PACUL'!E:E) -> 0
A91: 11363-KWN-900 | B91: KARET & SELANG | C91: 11363-KWN-900 | D91: ORING MAGHNET H.VARIO 125 ORI | E91: 1 | H91: =E91+SUMIF('BR DTG PACUL'!C:C,'STOK PACUL'!C91,'BR DTG PACUL'!E:E) -> 1
A92: 11394-K56-V50 | B92: NOSTOK | C92: 11394-K56-V50 | D92: PERPAK KOPLING H.CB150R 15-18/CBR150 ORI | E92: 0 | H92: =E92+SUMIF('BR DTG PACUL'!C:C,'STOK PACUL'!C92,'BR DTG PACUL'!E:E) -> 0
A93: 11394-KWB-920 | B93: NOSTOK | C93: 11394-KWB-920 | D93: PERPAK KOPLING H.BLADE/REVO ABSOLUT | E93: 0 | H93: =E93+SUMIF('BR DTG PACUL'!C:C,'STOK PACUL'!C93,'BR DTG PACUL'!E:E) -> 0
A94: 11395-K56-V50 | B94: NOSTOK | C94: 11395-K56-V50 | D94: PERPAK MAGNET H.CB150R ORI | E94: 1 | H94: =E94+SUMIF('BR DTG PACUL'!C:C,'STOK PACUL'!C94,'BR DTG PACUL'!E:E) -> 1
A95: 11395-KGH-901 | B95: NOSTOK | C95: 11395-KGH-901 | D95: PERPAK MAGNET H.CB150R | E95: 0 | H95: =E95+SUMIF('BR DTG PACUL'!C:C,'STOK PACUL'!C95,'BR DTG PACUL'!E:E) -> 0
A96: 11395-KPH-900 | B96: NOSTOK | C96: 11395-KPH-900 | D96: PERPAK MAGNET H.KARISMA/SUPRA X 125 ORI | E96: 0 | H96: =E96+SUMIF('BR DTG PACUL'!C:C,'STOK PACUL'!C96,'BR DTG PACUL'!E:E) -> 0
A97: 11395-KWB-920 | B97: NOSTOK | C97: 11395-KWB-920 | D97: PERPAK MAGNET H.REVO FI ORI | E97: 0 | H97: =E97+SUMIF('BR DTG PACUL'!C:C,'STOK PACUL'!C97,'BR DTG PACUL'!E:E) -> 0
A98: 11482-12K00-000 | B98: NOSTOK | C98: 11482-12K00-000 | D98: PERPAK KOPLING S.SATRIA 150 FI ORI | E98: 0 | H98: =E98+SUMIF('BR DTG PACUL'!C:C,'STOK PACUL'!C98,'BR DTG PACUL'!E:E) -> 0
A99: 11483-46G10-000 | B99: NOSTOK | C99: 11483-46G10-000 | D99: PERPAK MAGNET S.SPIN ORI | E99: 0 | H99: =E99+SUMIF('BR DTG PACUL'!C:C,'STOK PACUL'!C99,'BR DTG PACUL'!E:E) -> 0
A100: 11-6002-2RS1/C3H | B100: NOSTOK | C100: 11-6002-2RS1/C3H | D100: BEARING BALL IMI | E100: 0 | H100: =E100+SUMIF('BR DTG PACUL'!C:C,'STOK PACUL'!C100,'BR DTG PACUL'!E:E) -> 0
A101: 120/70-17 58S | B101: NOSTOK | C101: 120/70-17 58S | D101: BAN TUBLES 120/70-17 ZENEOS | E101: 0 | H101: =E101+SUMIF('BR DTG PACUL'!C:C,'STOK PACUL'!C101,'BR DTG PACUL'!E:E) -> 0
A102: 12100-K03-H10 | B102: NOSTOK | C102: 12100-K03-H10 | D102: BLOK SEHER REVO FI AHM | E102: 0 | H102: =E102+SUMIF('BR DTG PACUL'!C:C,'STOK PACUL'!C102,'BR DTG PACUL'!E:E) -> 0
... A111: 12206-K97-N00 | B111: NOSTOK | C111: 12206-K97-N00 | D111: SELANG RADIATOR 4 ARAH H.VARIO 125 ESP/150/PCX ORI | E111: 0 | H111: =E111+SUMIF('BR DTG PACUL'!C:C,'STOK PACUL'!C111,'BR DTG PACUL'!E:E) -> 0
A112: 12209-GB4-681 | B112: NOSTOK | C112: 12209-GB4-681 | D112: SEAL KLEP H.SET | E112: 0 | F112: 12209-GB4-682 | H112: =E112+SUMIF('BR DTG PACUL'!C:C,'STOK PACUL'!C112,'BR DTG PACUL'!E:E) -> 0
A113: 12209-GB4-682 | B113: MESIN | C113: 12209-GB4-682 | D113: SEAL KLEP H.ORI | E113: 4 | F113: 12209-GB4-682 | H113: =E113+SUMIF('BR DTG PACUL'!C:C,'STOK PACUL'!C113,'BR DTG PACUL'!E:E) -> 4
A114: 12251-GCC-901 | B114: NOSTOK | C114: 12251-GCC-901 | D114: PERPAK HEAD BEAT/POP AHM | E114: 0 | H114: =E114+SUMIF('BR DTG PACUL'!C:C,'STOK PACUL'!C114,'BR DTG PACUL'!E:E) -> 0
A115: 12251-GGC-901 | B115: NOSTOK | C115: 12251-GGC-901 | D115: PERPAK HEAD H.BEAT FI ESP ORI | E115: 1 | H115: =E115+SUMIF('BR DTG PACUL'!C:C,'STOK PACUL'!C115,'BR DTG PACUL'!E:E) -> 1
A116: 12251-K12-901 | B116: NOSTOK | C116: 12251-K12-901 | D116: PERPAK HEAD H.VARIO 125 | E116: 1 | F116: 12251-K12-901 | H116: =E116+SUMIF('BR DTG PACUL'!C:C,'STOK PACUL'!C116,'BR DTG PACUL'!E:E) -> 1
A117: 12251-K56-N02 | B117: NOSTOK | C117: 12251-K56-N02 | D117: PERPAK HEAD H.CB150R/CBR ORI | E117: 0 | H117: =E117+SUMIF('BR DTG PACUL'!C:C,'STOK PACUL'!C117,'BR DTG PACUL'!E:E) -> 0
A118: 12251-K97-T01 | B118: NOSTOK | C118: 12251-K97-T01 | D118: PERPAK HEAD H.PCX 150 ORI | E118: 0 | F118: 12251-K97-T01 | H118: =E118+SUMIF('BR DTG PACUL'!C:C,'STOK PACUL'!C118,'BR DTG PACUL'!E:E) -> 0
A119: 12251-KRM-872 | B119: NOSTOK | C119: 12251-KRM-872 | D119: PERPAK HEAD H.VERZA ORI | E119: 0 | H119: =E119+SUMIF('BR DTG PACUL'!C:C,'STOK PACUL'!C119,'BR DTG PACUL'!E:E) -> 0
A120: 12251-KRM-B41 | B120: NOSTOK | C120: 12251-KRM-B41 | D120: PERPAK CHTP SENG H.MEGAPRO | E120: 0 | H120: =E120+SUMIF('BR DTG PACUL'!C:C,'STOK PACUL'!C120,'BR DTG PACUL'!E:E) -> 0
A121: 12251-KVB-902 | B121: NOSTOK | C121: 12251-KVB-902 | D121: PERPAK HEAD VARIO AHM | E121: 0 | H121: =E121+SUMIF('BR DTG PACUL'!C:C,'STOK PACUL'!C121,'BR DTG PACUL'!E:E) -> 0
A122: 12251-KVY-901 | B122: NOSTOK | C122: 12251-KVY-901 | D122: PERPAK HEAD BEAT/SCOOPY ORI | E122: 0 | H122: =E122+SUMIF('BR DTG PACUL'!C:C,'STOK PACUL'!C122,'BR DTG PACUL'!E:E) -> 0
A123: 12251-KWB-601 | B123: NOSTOK | C123: 12251-KWB-601 | D123: PERPAK HEAD H.BLADE/REVO ORI | E123: 0 | H123: =E123+SUMIF('BR DTG PACUL'!C:C,'STOK PACUL'!C123,'BR DTG PACUL'!E:E) -> 0
A124: 12251-KZR-601 | B124: NOSTOK | C124: 12251-KZR-601 | D124: PERPAK HEAD H.VARIO 125 ORI | E124: 0 | F124: 12251-K12-901 | H124: =E124+SUMIF('BR DTG PACUL'!C:C,'STOK PACUL'!C124,'BR DTG PACUL'!E:E) -> 0
A125: 12251-KZY-701 | B125: NOSTOK | C125: 12251-KZY-701 | D125: PERPAK CHTP-SENG/ SILINDER HEAD VARIO 15-18 150/PCX 12-14 150 | E125: 0 | F125: 12251-K97-T01 | H125: =E125+SUMIF('BR DTG PACUL'!C:C,'STOK PACUL'!C125,'BR DTG PACUL'!E:E) -> 0
A126: 12361-035-000 | B126: BAUD | C126: 12361-035-000 | D126: TUTUP KLEP GRAND AHM | E126: 2 | H126: =E126+SUMIF('BR DTG PACUL'!C:C,'STOK PACUL'!C126,'BR DTG PACUL'!E:E) -> 2
A127: 12361-383-000 | B127: NOSTOK | C127: 12361-383-000 | D127: CAP HOLE GL MAX MEGAPRO ADV | E127: 0 | H127: =E127+SUMIF('BR DTG PACUL'!C:C,'STOK PACUL'!C127,'BR DTG PACUL'!E:E) -> 0
A128: 12391-GGC-900 | B128: NOSTOK | C128: 12391-GGC-900 | D128: SEAL HEAD H.BEAT FI NON ESP ORI | E128: 0 | F128: 12391-K25-601 | H128: =E128+SUMIF('BR DTG PACUL'!C:C,'STOK PACUL'!C128,'BR DTG PACUL'!E:E) -> 0
A129: 12391-K1A-N02 | B129: KARET & SELANG | C129: 12391-K1A-N02 | D129: SEAL HEAD H.GENIO/BEAT LED ORI | E129: 1 | H129: =E129+SUMIF('BR DTG PACUL'!C:C,'STOK PACUL'!C129,'BR DTG PACUL'!E:E) -> 1
A130: 12391-K25-601 | B130: KARET & SELANG | C130: 12391-K25-601 | D130: SEAL HEAD H.BEAT FI ESP ORI | E130: 2 | F130: 12391-K25-601 | H130: =E130+SUMIF('BR DTG PACUL'!C:C,'STOK PACUL'!C130,'BR DTG PACUL'!E:E) -> 2
A131: 12391-K44-V00 | B131: KARET & SELANG | C131: 12391-K44-V00 | D131: SEAL HEAD H.BEAT FI ORI | E131: 0 | F131: 12391-K25-601 | H131: =E131+SUMIF('BR DTG PACUL'!C:C,'STOK PACUL'!C131,'BR DTG PACUL'!E:E) -> 0
A132: 12391-K66-V01 | B132: NOSTOK | C132: 12391-K66-V01 | D132: SEAL HEAD H.VARIO 125 NEW ORI | E132: 1 | H132: =E132+SUMIF('BR DTG PACUL'!C:C,'STOK PACUL'!C132,'BR DTG PACUL'!E:E) -> 1
A133: 12391-KRM-840 | B133: NOSTOK | C133: 12391-KRM-840 | D133: SEAL HEAD MEGAPRO FI/VERZA FI AHM | E133: 0 | H133: =E133+SUMIF('BR DTG PACUL'!C:C,'STOK PACUL'!C133,'BR DTG PACUL'!E:E) -> 0
A134: 12391-KVB-900 | B134: NOSTOK | C134: 12391-KVB-900 | D134: SEAL HEAD H.VARIO CARBU ORI | E134: 0 | H134: =E134+SUMIF('BR DTG PACUL'!C:C,'STOK PACUL'!C134,'BR DTG PACUL'!E:E) -> 0
A135: 12391-KVY-900 | B135: NOSTOK | C135: 12391-KVY-900 | D135: SEAL HEAD H.BEAT CARBU ORI | E135: 0 | F135: 12391-KZL-A00 | H135: =E135+SUMIF('BR DTG PACUL'!C:C,'STOK PACUL'!C135,'BR DTG PACUL'!E:E) -> 0
A136: 12391-KWW-A80 | B136: NOSTOK | C136: 12391-KWW-A80 | D136: SEAL HEAD H.REVO 110 ORI | E136: 0 | H136: =E136+SUMIF('BR DTG PACUL'!C:C,'STOK PACUL'!C136,'BR DTG PACUL'!E:E) -> 0
A137: 12391-KZL-A00 | B137: KARET & SELANG | C137: 12391-KZL-A00 | D137: SEAL HEAD H.BEAT/SCOOPY/SPACY CARBU ORI | E137: 0 | F137: 12391-KZL-A00 | H137: =E137+SUMIF('BR DTG PACUL'!C:C,'STOK PACUL'!C137,'BR DTG PACUL'!E:E) -> 0
A138: 12391-KZR-600 | B138: KARET & SELANG | C138: 12391-KZR-600 | D138: SEAL HEAD H.VARIO 125 ORI | E138: 3 | H138: =E138+SUMIF('BR DTG PACUL'!C:C,'STOK PACUL'!C138,'BR DTG PACUL'!E:E) -> 3
A139: 12760B09G11N000 | B139: NOSTOK | C139: 12760B09G11N000 | D139: RANTE KETENG SMASH SGP | E139: 0 | H139: =E139+SUMIF('BR DTG PACUL'!C:C,'STOK PACUL'!C139,'BR DTG PACUL'!E:E) -> 0
A140: 12760B25G01N000 | B140: NOSTOK | C140: 12760B25G01N000 | D140: RANTAI KETENG S.SATRIA FU ORI | E140: 0 | H140: =E140+SUMIF('BR DTG PACUL'!C:C,'STOK PACUL'!C140,'BR DTG PACUL'!E:E) -> 0
A141: 12830-25G30-000 | B141: NOSTOK | C141: 12830-25G30-000 | D141: SETELAN KETENG S.SATRIA FU ORI | E141: 0 | H141: =E141+SUMIF('BR DTG PACUL'!C:C,'STOK PACUL'!C141,'BR DTG PACUL'!E:E) -> 0
A142: 12840-20G20-000 | B142: NOSTOK | C142: 12840-20G20-000 | D142: TEMPLAR SMASH 110 NEW | E142: 0 | H142: =E142+SUMIF('BR DTG PACUL'!C:C,'STOK PACUL'!C142,'BR DTG PACUL'!E:E) -> 0
A143: 13000-K44-J00 | B143: NOSTOK | C143: 13000-K44-J00 | D143: KRUK AS H.SCOOPY FI ORI | E143: 0 | H143: =E143+SUMIF('BR DTG PACUL'!C:C,'STOK PACUL'!C143,'BR DTG PACUL'!E:E) -> 0
A144: 1300A-K56-N00 | B144: NOSTOK | C144: 1300A-K56-N00 | D144: KRUK AS CB150R/CBR150R | E144: 0 | H144: =E144+SUMIF('BR DTG PACUL'!C:C,'STOK PACUL'!C144,'BR DTG PACUL'!E:E) -> 0
A145: 1300A-K59-A10 | B145: NOSTOK | C145: 1300A-K59-A10 | D145: KRUK AS H.VARIO 125 LED/150 ORI | E145: 0 | H145: =E145+SUMIF('BR DTG PACUL'!C:C,'STOK PACUL'!C145,'BR DTG PACUL'!E:E) -> 0
A146: 1300A-KVY-960 | B146: NOSTOK | C146: 1300A-KVY-960 | D146: KRUK AS H.BEAT CARBU ORI | E146: 0 | H146: =E146+SUMIF('BR DTG PACUL'!C:C,'STOK PACUL'!C146,'BR DTG PACUL'!E:E) -> 0
A147: 1300A-KZL-L30 | B147: NOSTOK | C147: 1300A-KZL-L30 | D147: KRUK AS H.BEAT FI ORI | E147: 0 | H147: =E147+SUMIF('BR DTG PACUL'!C:C,'STOK PACUL'!C147,'BR DTG PACUL'!E:E) -> 0
A148: 13011-K59-A10 | B148: NOSTOK | C148: 13011-K59-A10 | D148: RING SEHER VARIO 125 LED/150 (13031-K59-A10) | E148: 0 | H148: =E148+SUMIF('BR DTG PACUL'!C:C,'STOK PACUL'!C148,'BR DTG PACUL'!E:E) -> 0
A149: 13011-KVB-T00 | B149: NOSTOK | C149: 13011-KVB-T00 | D149: RING SEHER H.BEAT/VARIO 110 FI ORI (STD) | E149: 0 | H149: =E149+SUMIF('BR DTG PACUL'!C:C,'STOK PACUL'!C149,'BR DTG PACUL'!E:E) -> 0
... A165: 131A2-GN5-913 | B165: NOSTOK | C165: 131A2-GN5-913 | D165: PISTON KIT H.GRAND/SUPRA (0.25) ORI | E165: 0 | H165: =E165+SUMIF('BR DTG PACUL'!C:C,'STOK PACUL'!C165,'BR DTG PACUL'!E:E) -> 0
A166: 131A2-K36-P00 | C166: 131A2-K36-P00 | D166: PISTON KIT H.VARIO 150 ORI | E166: 0 | H166: =E166+SUMIF('BR DTG PACUL'!C:C,'STOK PACUL'!C166,'BR DTG PACUL'!E:E) -> 0
A167: 131A2-KPH-881 | B167: NOSTOK | C167: 131A2-KPH-881 | D167: PISTON KIT H.KARISMA (0.25) | E167: 0 | H167: =E167+SUMIF('BR DTG PACUL'!C:C,'STOK PACUL'!C167,'BR DTG PACUL'!E:E) -> 0
A168: 131A2-KVB-930 | B168: NOSTOK | C168: 131A2-KVB-930 | D168: PISTON KIT H.VARIO (0.25) | E168: 0 | H168: =E168+SUMIF('BR DTG PACUL'!C:C,'STOK PACUL'!C168,'BR DTG PACUL'!E:E) -> 0
A169: 131A2-KVY-960 | B169: NOSTOK | C169: 131A2-KVY-960 | D169: PISTON KIT H.BEAT (0.25) | E169: 0 | H169: =E169+SUMIF('BR DTG PACUL'!C:C,'STOK PACUL'!C169,'BR DTG PACUL'!E:E) -> 0
A170: 131A2-KWB-920 | B170: NOSTOK | C170: 131A2-KWB-920 | D170: PISTON KIT H.REVO FIT FI (0.25) | E170: 0 | H170: =E170+SUMIF('BR DTG PACUL'!C:C,'STOK PACUL'!C170,'BR DTG PACUL'!E:E) -> 0
A171: 131A2-KWN-902 | B171: NOSTOK | C171: 131A2-KWN-902 | D171: PISTON KIT H.VARIO 125 (0.25) | E171: 0 | H171: =E171+SUMIF('BR DTG PACUL'!C:C,'STOK PACUL'!C171,'BR DTG PACUL'!E:E) -> 0
A172: 131A2-KWW-740 | B172: NOSTOK | C172: 131A2-KWW-740 | D172: PISTON KIT H.REVO 110 (0.25) | E172: 0 | H172: =E172+SUMIF('BR DTG PACUL'!C:C,'STOK PACUL'!C172,'BR DTG PACUL'!E:E) -> 0
A173: 131A2-KZL-305 | B173: NOSTOK | C173: 131A2-KZL-305 | D173: PISTON KIT H.BEATFI/SCOPYFI/VARIOFI/SPACYFI/ 0,25 | E173: 0 | H173: =E173+SUMIF('BR DTG PACUL'!C:C,'STOK PACUL'!C173,'BR DTG PACUL'!E:E) -> 0
A174: 131A3-GN5-913 | B174: NOSTOK | C174: 131A3-GN5-913 | D174: PISTON KIT GRAND/SUPRA 0,5 | E174: 0 | H174: =E174+SUMIF('BR DTG PACUL'!C:C,'STOK PACUL'!C174,'BR DTG PACUL'!E:E) -> 0
A175: 131A3-K0J-P00 | B175: NOSTOK | C175: 131A3-K0J-P00 | D175: PISTON KIT H.GENIO/BEAT LED ORI | E175: 0 | H175: =E175+SUMIF('BR DTG PACUL'!C:C,'STOK PACUL'!C175,'BR DTG PACUL'!E:E) -> 0
A176: 131A3-K81-P00 | B176: NOSTOK | C176: 131A3-K81-P00 | D176: PISTON KIT 0.50 H.BEAT ESP ORI | E176: 1 | H176: =E176+SUMIF('BR DTG PACUL'!C:C,'STOK PACUL'!C176,'BR DTG PACUL'!E:E) -> 1
A177: 131A3-KFV-951 | B177: NOSTOK | C177: 131A3-KFV-951 | D177: PISTON KIT SUPRA FIT 0.5 | E177: 0 | H177: =E177+SUMIF('BR DTG PACUL'!C:C,'STOK PACUL'!C177,'BR DTG PACUL'!E:E) -> 0
A178: 131A3-KPH-881 | B178: NOSTOK | C178: 131A3-KPH-881 | D178: PISTON KIT KARISMA/SUPRA X 125 0,50 | E178: 0 | H178: =E178+SUMIF('BR DTG PACUL'!C:C,'STOK PACUL'!C178,'BR DTG PACUL'!E:E) -> 0
... A191: 131A4-KVY-960 | B191: NOSTOK | C191: 131A4-KVY-960 | D191: PISTON KIT (0.75) | E191: 0 | H191: =E191+SUMIF('BR DTG PACUL'!C:C,'STOK PACUL'!C191,'BR DTG PACUL'!E:E) -> 0
A192: 131A4-KWN-902 | C192: 131A4-KWN-902 | D192: PISTON KIT (0.75)/ SEHER SET H.VARIO 125 ORI | E192: 0 | H192: =E192+SUMIF('BR DTG PACUL'!C:C,'STOK PACUL'!C192,'BR DTG PACUL'!E:E) -> 0
A193: 131A4-KWW-740 | B193: NOSTOK | C193: 131A4-KWW-740 | D193: PISTON KIT (0.75) | E193: 0 | H193: =E193+SUMIF('BR DTG PACUL'!C:C,'STOK PACUL'!C193,'BR DTG PACUL'!E:E) -> 0
A194: 131A4-KZL-305 | C194: 131A4-KZL-305 | D194: PISTON KIT (0.75) | E194: 0 | H194: =E194+SUMIF('BR DTG PACUL'!C:C,'STOK PACUL'!C194,'BR DTG PACUL'!E:E) -> 0
A195: 131A5-GN5-913 | B195: NOSTOK | C195: 131A5-GN5-913 | D195: PISTON KIT GRAND / SUPRA (1.00) | E195: 0 | H195: =E195+SUMIF('BR DTG PACUL'!C:C,'STOK PACUL'!C195,'BR DTG PACUL'!E:E) -> 0
A196: 131A5-KFV-951 | B196: NOSTOK | C196: 131A5-KFV-951 | D196: PISTON KIT LEGENDA/SUPRA FIT | E196: 0 | H196: =E196+SUMIF('BR DTG PACUL'!C:C,'STOK PACUL'!C196,'BR DTG PACUL'!E:E) -> 0
A197: 131A5-KPH-881 | B197: NOSTOK | C197: 131A5-KPH-881 | D197: PISTON KIT KARISMA (1.00) | E197: 0 | H197: =E197+SUMIF('BR DTG PACUL'!C:C,'STOK PACUL'!C197,'BR DTG PACUL'!E:E) -> 0
A198: 131A5-KRM-303 | B198: NOSTOK | C198: 131A5-KRM-303 | D198: PISTON KIT HONDA VARIO 150 SIZE 100 AHM | E198: 0 | H198: =E198+SUMIF('BR DTG PACUL'!C:C,'STOK PACUL'!C198,'BR DTG PACUL'!E:E) -> 0
A199: 131A5-KVY-960 | B199: NOSTOK | C199: 131A5-KVY-960 | D199: PISTON KIT H.BEAT CARBU (1.00) ORI | E199: 0 | H199: =E199+SUMIF('BR DTG PACUL'!C:C,'STOK PACUL'!C199,'BR DTG PACUL'!E:E) -> 0
A200: 131A5-KWB-920 | B200: NOSTOK | C200: 131A5-KWB-920 | D200: PISTON KIT BLADE/REVO | E200: 0 | H200: =E200+SUMIF('BR DTG PACUL'!C:C,'STOK PACUL'!C200,'BR DTG PACUL'!E:E) -> 0
...

Sheet STOK PESALAKAN
A1: NoItemCOPY | B1: RakBarang | C1: NoItem | D1: NamaItem | E1: Quantity | F1: NOTE | G1: STS | H1: SO+BR DTG | I1: CATATAN
A2: - | B2: NOSTOK | C2: - | D2: - | E2: 0 | H2: =E2+SUMIF('BR DTG ADW'!C:C,C2,'BR DTG ADW'!E:E) -> 0 | I2: JANGAN LUPA KOLOM H COPY RUMUS SAMPAI BAWAH
A3: -- | B3: NOSTOK | C3: -- | D3: - | E3: 0 | H3: =E3+SUMIF('BR DTG ADW'!C:C,C3,'BR DTG ADW'!E:E) -> 0
A4: 011-K44-NPP | B4: NOSTOK | C4: 011-K44-NPP | D4: PISTON KIT H.BEAT FI ESP/POP (1.00) IMI | E4: 0 | H4: =E4+SUMIF('BR DTG ADW'!C:C,C4,'BR DTG ADW'!E:E) -> 0
A5: 011-KPH-950-025 | B5: NOSTOK | C5: 011-KPH-950-025 | D5: RING PISTON H.KARISMA IMI | E5: 0 | H5: =E5+SUMIF('BR DTG ADW'!C:C,C5,'BR DTG ADW'!E:E) -> 0
A6: 01-C21-300-40AA | B6: NOSTOK | C6: 01-C21-300-40AA | D6: BATOK DEPAN SMASH 125 WIN | E6: 0 | H6: =E6+SUMIF('BR DTG ADW'!C:C,C6,'BR DTG ADW'!E:E) -> 0
A7: 01-C21-307-40AA | B7: NOSTOK | C7: 01-C21-307-40AA | D7: SLEBOR DEPAN SMASH 125 WIN | E7: 0 | H7: =E7+SUMIF('BR DTG ADW'!C:C,C7,'BR DTG ADW'!E:E) -> 0
A8: 01-D17-706-99AA | B8: KELISTRIKAN. STATER/ENGKOL | C8: 01-D17-706-99AA | D8: SWITCH REM Y.JUPITER Z IMI | E8: 2 | H8: =E8+SUMIF('BR DTG ADW'!C:C,C8,'BR DTG ADW'!E:E) -> 2
A9: 01-D24-001-00AA | B9: NOSTOK | C9: 01-D24-001-00AA | D9: KACA LAMPU DEPAN MIO | E9: 0 | H9: =E9+SUMIF('BR DTG ADW'!C:C,C9,'BR DTG ADW'!E:E) -> 0
A10: 06141-GN5-505 | B10: NOSTOK | C10: 06141-GN5-505 | D10: RANTE KETENG SUPRA X | E10: 0 | H10: =E10+SUMIF('BR DTG ADW'!C:C,C10,'BR DTG ADW'!E:E) -> 0
A11: 06141-KRS-505 | B11: NOSTOK | C11: 06141-KRS-505 | D11: KETENG SET SUPRAFIT NEW | E11: 0 | H11: =E11+SUMIF('BR DTG ADW'!C:C,C11,'BR DTG ADW'!E:E) -> 0
A12: 06141-KWB-505 | B12: NOSTOK | C12: 06141-KWB-505 | D12: RANTE KETENG SET REVO 110 ABSOLUTE | E12: 0 | H12: =E12+SUMIF('BR DTG ADW'!C:C,C12,'BR DTG ADW'!E:E) -> 0
A13: 06381-KEV-880 | B13: NOSTOK | C13: 06381-KEV-880 | D13: STANG SEHER SUPRA X | E13: 0 | H13: =E13+SUMIF('BR DTG ADW'!C:C,C13,'BR DTG ADW'!E:E) -> 0
A14: 06381-KPH-900 | B14: NOSTOK | C14: 06381-KPH-900 | D14: ROD KIT CONNECTING KARISMA | E14: 0 | H14: =E14+SUMIF('BR DTG ADW'!C:C,C14,'BR DTG ADW'!E:E) -> 0
... A80: 11103-K0J-N00 | B80: NOSTOK | C80: 11103-K0J-N00 | D80: KARET MONTING H.GENIO/SCOOPY NEW/VARIO/ADV/PCX 160 ORI | E80: 0 | H80: =E80+SUMIF('BR DTG ADW'!C:C,C80,'BR DTG ADW'!E:E) -> 0
A81: 11103-KVB-901 | B81: NOSTOK | C81: 11103-KVB-901 | D81: KARET MONTING H.VARIO ORI | E81: 0 | F81: 11103-KVB-930 | H81: =E81+SUMIF('BR DTG ADW'!C:C,C81,'BR DTG ADW'!E:E) -> 0
A82: 11103-KVB-930 | B82: KARET & SELANG | C82: 11103-KVB-930 | D82: KARET MONTING H.VARIO ORI | E82: 2 | F82: 11103-KVB-930 | H82: =E82+SUMIF('BR DTG ADW'!C:C,C82,'BR DTG ADW'!E:E) -> 2
A83: 11108-KVB-900 | B83: NOSTOK | C83: 11108-KVB-900 | D83: PLAT KANCINGAN AS PULLY BEAT/VARIO | E83: 0 | H83: =E83+SUMIF('BR DTG ADW'!C:C,C83,'BR DTG ADW'!E:E) -> 0
A84: 1111-160 | B84: NOSTOK | C84: 1111-160 | D84: SUP RUJI 250-1 H.AHM | E84: 0 | H84: =E84+SUMIF('BR DTG ADW'!C:C,C84,'BR DTG ADW'!E:E) -> 0
A85: 1111-183 | B85: NOSTOK | C85: 1111-183 | D85: SUP/RUJI DEPAN H.SUPRA X 125 ORI | E85: 0 | H85: =E85+SUMIF('BR DTG ADW'!C:C,C85,'BR DTG ADW'!E:E) -> 0
A86: 11203-KVB-901 | B86: NOSTOK | C86: 11203-KVB-901 | D86: BOS SHOCK BELAKANG BAWAH H.BEAT/SCOOPY/VARIO FI ORI | E86: 0 | H86: =E86+SUMIF('BR DTG ADW'!C:C,C86,'BR DTG ADW'!E:E) -> 0
A87: 11210B09G10N000 | B87: NOSTOK | C87: 11210B09G10N000 | D87: BLOK + PISTON S.SMASH ORI | E87: 0 | H87: =E87+SUMIF('BR DTG ADW'!C:C,C87,'BR DTG ADW'!E:E) -> 0
A88: 11361-K44-V00 | B88: NOSTOK | C88: 11361-K44-V00 | D88: TUTUP POMPA OLI BEAT/SCOOPY/ESP | E88: 0 | H88: =E88+SUMIF('BR DTG ADW'!C:C,C88,'BR DTG ADW'!E:E) -> 0
A89: 11363-KWN-900 | B89: KARET & SELANG | C89: 11363-KWN-900 | D89: ORING MAGHNET H.VARIO 125 ORI | E89: 1 | H89: =E89+SUMIF('BR DTG ADW'!C:C,C89,'BR DTG ADW'!E:E) -> 1
A90: 11393-KGH-901 | B90: NOSTOK | C90: 11393-KGH-901 | D90: PERPAK KOPLING H.CB150R ORI | E90: 0 | H90: =E90+SUMIF('BR DTG ADW'!C:C,C90,'BR DTG ADW'!E:E) -> 0
A91: 11394-K56-V50 | B91: NOSTOK | C91: 11394-K56-V50 | D91: PERPAK KOPLING H.CB150R ORI | E91: 0 | H91: =E91+SUMIF('BR DTG ADW'!C:C,C91,'BR DTG ADW'!E:E) -> 0
A92: 11394-KYZ-900 | B92: NOSTOK | C92: 11394-KYZ-900 | D92: PERPAK KOPLING H.SUPRA X 125 FI/HELM IN ORI | E92: 0 | H92: =E92+SUMIF('BR DTG ADW'!C:C,C92,'BR DTG ADW'!E:E) -> 0
A93: 11395-KGH-901 | B93: NOSTOK | C93: 11395-KGH-901 | D93: PERPAK MAGNET H.CB150R ORI | E93: 0 | H93: =E93+SUMIF('BR DTG ADW'!C:C,C93,'BR DTG ADW'!E:E) -> 0
A94: 11395-KPH-900 | B94: NOSTOK | C94: 11395-KPH-900 | D94: PERPAK MAGNET H.KARISMA/SUPRA X 125 ORI | E94: 1 | H94: =E94+SUMIF('BR DTG ADW'!C:C,C94,'BR DTG ADW'!E:E) -> 1
... A110: 12206-KZR-600 | B110: NOSTOK | C110: 12206-KZR-600 | D110: SELANG RADIATOR 4 ARAH H.VARIO 125 LED ORI | E110: 0 | H110: =E110+SUMIF('BR DTG ADW'!C:C,C110,'BR DTG ADW'!E:E) -> 0
A111: 12209-GB4-681 | B111: NOSTOK | C111: 12209-GB4-681 | D111: SEAL KLEP H.SUPRA X 125 ORI | E111: 0 | F111: 12209-GB4-682 | H111: =E111+SUMIF('BR DTG ADW'!C:C,C111,'BR DTG ADW'!E:E) -> 0
A112: 12209-GB4-682 | B112: NOSTOK | C112: 12209-GB4-682 | D112: SEAL KLEP H.SUPRA X 125 ORI | E112: 4 | F112: 12209-GB4-682 | H112: =E112+SUMIF('BR DTG ADW'!C:C,C112,'BR DTG ADW'!E:E) -> 4
A113: 12251-GGC-901 | B113: NOSTOK | C113: 12251-GGC-901 | D113: PERPAK HEAD H.BEAT FI ESP ORI | E113: 1 | H113: =E113+SUMIF('BR DTG ADW'!C:C,C113,'BR DTG ADW'!E:E) -> 1
A114: 12251-K0J-N01 | B114: NOSTOK | C114: 12251-K0J-N01 | D114: PERPAK HEAD H.GENIO/BEAT/SCOOPY LED ORI | E114: 0 | H114: =E114+SUMIF('BR DTG ADW'!C:C,C114,'BR DTG ADW'!E:E) -> 0
A115: 12251-K12-901 | B115: NOSTOK | C115: 12251-K12-901 | D115: PERPAK HEAD H.VARIO 125 ORI | E115: 1 | F115: 12251-K12-901 | H115: =E115+SUMIF('BR DTG ADW'!C:C,C115,'BR DTG ADW'!E:E) -> 1
A116: 12251-K15-900 | B116: NOSTOK | C116: 12251-K15-900 | D116: PERPAK HEAD H.CB150R ORI | E116: 0 | H116: =E116+SUMIF('BR DTG ADW'!C:C,C116,'BR DTG ADW'!E:E) -> 0
A117: 12251-K56-N02 | B117: NOSTOK | C117: 12251-K56-N02 | D117: PERPAK HEAD H.CB150R/CBR ORI | E117: 0 | H117: =E117+SUMIF('BR DTG ADW'!C:C,C117,'BR DTG ADW'!E:E) -> 0
A118: 12251-K78-V01 | B118: NOSTOK | C118: 12251-K78-V01 | D118: PERPAK HEAD H.VARIO 150 NEWORI | E118: 0 | H118: =E118+SUMIF('BR DTG ADW'!C:C,C118,'BR DTG ADW'!E:E) -> 0
A119: 12251-K97-T01 | B119: NOSTOK | C119: 12251-K97-T01 | D119: PERPAK HEAD H.PCX 150 ORI | E119: 0 | F119: 12251-K97-T01 | H119: =E119+SUMIF('BR DTG ADW'!C:C,C119,'BR DTG ADW'!E:E) -> 0
A120: 12251-KRM-B41 | B120: NOSTOK | C120: 12251-KRM-B41 | D120: PERPAK HEAD H.MEGAPRO ORI | E120: 0 | H120: =E120+SUMIF('BR DTG ADW'!C:C,C120,'BR DTG ADW'!E:E) -> 0
A121: 12251-KVB-902 | B121: NOSTOK | C121: 12251-KVB-902 | D121: PERPAK HEAD H.VARIO ORI | E121: 0 | H121: =E121+SUMIF('BR DTG ADW'!C:C,C121,'BR DTG ADW'!E:E) -> 0
A122: 12251-KVY-901 | B122: NOSTOK | C122: 12251-KVY-901 | D122: PERPAK HEAD H.BEAT CARBU ORI | E122: 0 | H122: =E122+SUMIF('BR DTG ADW'!C:C,C122,'BR DTG ADW'!E:E) -> 0
A123: 12251-KWB-601 | B123: NOSTOK | C123: 12251-KWB-601 | D123: PERPAK HEAD H.BLADE/REVO ORI | E123: 0 | H123: =E123+SUMIF('BR DTG ADW'!C:C,C123,'BR DTG ADW'!E:E) -> 0
A124: 12251-KZR-601 | B124: NOSTOK | C124: 12251-KZR-601 | D124: PERPAK HEAD H.VARIO 125 ORI | E124: 0 | F124: 12251-K12-901 | H124: =E124+SUMIF('BR DTG ADW'!C:C,C124,'BR DTG ADW'!E:E) -> 0
A125: 12251-KZY-701 | B125: NOSTOK | C125: 12251-KZY-701 | D125: PERPAK HEAD H.VARIO 150 ORI | E125: 2 | F125: 12251-K97-T01 | H125: =E125+SUMIF('BR DTG ADW'!C:C,C125,'BR DTG ADW'!E:E) -> 2
A126: 12361-035-000 | B126: BAUD | C126: 12361-035-000 | D126: TUTUP KLEP GRAND AHM | E126: 3 | H126: =E126+SUMIF('BR DTG ADW'!C:C,C126,'BR DTG ADW'!E:E) -> 3
A127: 12361-383-000 | B127: NOSTOK | C127: 12361-383-000 | D127: CAP HOLE GL MAX MEGAPRO ADV | E127: 1 | H127: =E127+SUMIF('BR DTG ADW'!C:C,C127,'BR DTG ADW'!E:E) -> 1
A128: 12391-GGC-900 | B128: NOSTOK | C128: 12391-GGC-900 | D128: SEAL HEAD H.BEAT FI NON ESP ORI | E128: 0 | F128: 12391-K25-601 | H128: =E128+SUMIF('BR DTG ADW'!C:C,C128,'BR DTG ADW'!E:E) -> 0
A129: 12391-K01-900 | B129: NOSTOK | C129: 12391-K01-900 | D129: SEAL HEAD H.VARIO 150 NEW ORI | E129: 0 | H129: =E129+SUMIF('BR DTG ADW'!C:C,C129,'BR DTG ADW'!E:E) -> 0
A130: 12391-K1A-N02 | B130: NOSTOK | C130: 12391-K1A-N02 | D130: SEAL HEAD H.GENIO/BEAT/SCOOPY LED ORI | E130: 0 | H130: =E130+SUMIF('BR DTG ADW'!C:C,C130,'BR DTG ADW'!E:E) -> 0
A131: 12391-K25-601 | B131: KARET & SELANG | C131: 12391-K25-601 | D131: SEAL HEAD H.BEAT FI ESP ORI | E131: 3 | F131: 12391-K25-601 | H131: =E131+SUMIF('BR DTG ADW'!C:C,C131,'BR DTG ADW'!E:E) -> 3
A132: 12391-K44-V00 | B132: NOSTOK | C132: 12391-K44-V00 | D132: SEAL HEAD H.BEAT FI ORI | E132: 0 | F132: 12391-K25-601 | H132: =E132+SUMIF('BR DTG ADW'!C:C,C132,'BR DTG ADW'!E:E) -> 0
A133: 12391-K66-V01 | B133: NOSTOK | C133: 12391-K66-V01 | D133: SEAL HEAD H.VARIO 125 NEW ESP ORI | E133: 1 | H133: =E133+SUMIF('BR DTG ADW'!C:C,C133,'BR DTG ADW'!E:E) -> 1
A134: 12391-KRM-840 | B134: NOSTOK | C134: 12391-KRM-840 | D134: SEAL HEAD H.VEZA/CB150 ORI | E134: 0 | H134: =E134+SUMIF('BR DTG ADW'!C:C,C134,'BR DTG ADW'!E:E) -> 0
A135: 12391-KVB-900 | B135: NOSTOK | C135: 12391-KVB-900 | D135: SEAL HEAD H.VARIO CARBU ORI | E135: 1 | H135: =E135+SUMIF('BR DTG ADW'!C:C,C135,'BR DTG ADW'!E:E) -> 1
A136: 12391-KVY-900 | B136: NOSTOK | C136: 12391-KVY-900 | D136: SEAL HEAD H.BEAT CARBU ORI | E136: 0 | F136: 12391-KZL-A00 | H136: =E136+SUMIF('BR DTG ADW'!C:C,C136,'BR DTG ADW'!E:E) -> 0
A137: 12391-KWW-A80 | B137: NOSTOK | C137: 12391-KWW-A80 | D137: SEAL HEAD H.REVO 110 ORI | E137: 0 | H137: =E137+SUMIF('BR DTG ADW'!C:C,C137,'BR DTG ADW'!E:E) -> 0
A138: 12391-KZL-A00 | B138: NOSTOK | C138: 12391-KZL-A00 | D138: SEAL HEAD H.SPACY CARBU ORI | E138: 0 | F138: 12391-KZL-A00 | H138: =E138+SUMIF('BR DTG ADW'!C:C,C138,'BR DTG ADW'!E:E) -> 0
A139: 12391-KZR-600 | B139: KARET & SELANG | C139: 12391-KZR-600 | D139: SEAL HEAD H.VARIO 125 ORI | E139: 4 | H139: =E139+SUMIF('BR DTG ADW'!C:C,C139,'BR DTG ADW'!E:E) -> 4
A140: 12760B09G11N000 | B140: NOSTOK | C140: 12760B09G11N000 | D140: RANTE KETENG SMASH SGP | E140: 0 | H140: =E140+SUMIF('BR DTG ADW'!C:C,C140,'BR DTG ADW'!E:E) -> 0
A141: 12840-20G20-000 | B141: NOSTOK | C141: 12840-20G20-000 | D141: TEMPLAR SMASH 110 NEW | E141: 0 | H141: =E141+SUMIF('BR DTG ADW'!C:C,C141,'BR DTG ADW'!E:E) -> 0
A142: 130/70-13-63SP | B142: NOSTOK | C142: 130/70-13-63SP | D142: BAN TUBLES 130/70-13 IRC | E142: 0 | H142: =E142+SUMIF('BR DTG ADW'!C:C,C142,'BR DTG ADW'!E:E) -> 0
A143: 13000-K0J-N00 | B143: NOSTOK | C143: 13000-K0J-N00 | D143: KRUK AS H.GENIO/BEAT ESAF/SCOOPY ESAF ORI | E143: 0 | H143: =E143+SUMIF('BR DTG ADW'!C:C,C143,'BR DTG ADW'!E:E) -> 0
A144: 13000-K59-A70 | B144: NOSTOK | C144: 13000-K59-A70 | D144: STANG SEHER VARIO 150 ( SET ) | E144: 0 | H144: =E144+SUMIF('BR DTG ADW'!C:C,C144,'BR DTG ADW'!E:E) -> 0
A145: 1300A-K59-A10 | B145: NOSTOK | C145: 1300A-K59-A10 | D145: KRUK AS H.VARIO 125 LED/150 ORI | E145: 0 | H145: =E145+SUMIF('BR DTG ADW'!C:C,C145,'BR DTG ADW'!E:E) -> 0
A146: 1300A-KVY-960 | B146: NOSTOK | C146: 1300A-KVY-960 | D146: KRUK AS H.BEAT CARBU ORI | E146: 0 | H146: =E146+SUMIF('BR DTG ADW'!C:C,C146,'BR DTG ADW'!E:E) -> 0
A147: 1300A-KZL-L30 | B147: NOSTOK | C147: 1300A-KZL-L30 | D147: KRUK AS H.BEAT FI ORI | E147: 0 | H147: =E147+SUMIF('BR DTG ADW'!C:C,C147,'BR DTG ADW'!E:E) -> 0
A148: 13011-K44-V00 | B148: NOSTOK | C148: 13011-K44-V00 | D148: RING SEHER STD H.BEAT ESP ORI | E148: 0 | H148: =E148+SUMIF('BR DTG ADW'!C:C,C148,'BR DTG ADW'!E:E) -> 0
A149: 13011-KVB-T00 | B149: NOSTOK | C149: 13011-KVB-T00 | D149: RING SEHER STD H.VARIO ORI | E149: 0 | H149: =E149+SUMIF('BR DTG ADW'!C:C,C149,'BR DTG ADW'!E:E) -> 0
A150: 13031-K44-V00 | B150: NOSTOK | C150: 13031-K44-V00 | D150: RING SEHER H.BEAT FI ORI | E150: 0 | H150: =E150+SUMIF('BR DTG ADW'!C:C,C150,'BR DTG ADW'!E:E) -> 0
... A271: 16450-K59-A71 | B271: NOSTOK | C271: 16450-K59-A71 | D271: INJEKTOR H.VARIO 150 ORI | E271: 0 | H271: =E271+SUMIF('BR DTG ADW'!C:C,C271,'BR DTG ADW'!E:E) -> 0
A272: 16450-KZR-601 | B272: KELISTRIKAN. STATER/ENGKOL | C272: 16450-KZR-601 | D272: INJEKTOR H.VARIO 125 ORI (16450-KZR-B21) | E272: 0 | F272: 16450-KZR-601 | H272: =E272+SUMIF('BR DTG ADW'!C:C,C272,'BR DTG ADW'!E:E) -> 0
A273: 16450-KZR-B21 | B273: NOSTOK | C273: 16450-KZR-B21 | D273: INJEKTOR H.VARIO 125 ORI | E273: 7 | F273: 16450-KZR-601 | H273: =E273+SUMIF('BR DTG ADW'!C:C,C273,'BR DTG ADW'!E:E) -> 7
A274: 16472-KPC-D50 | B274: NOSTOK | C274: 16472-KPC-D50 | D274: RING SEAL / ORING INJEKTOR BAWAH | E274: 0 | H274: =E274+SUMIF('BR DTG ADW'!C:C,C274,'BR DTG ADW'!E:E) -> 0
A275: 16480-KVB-S51 | B275: NOSTOK | C275: 16480-KVB-S51 | D275: SELENOID SET | E275: 1 | H275: =E275+SUMIF('BR DTG ADW'!C:C,C275,'BR DTG ADW'!E:E) -> 1
A276: 16700-K0J-N01 | B276: NOSTOK | C276: 16700-K0J-N01 | D276: FUEL PUMP ASSY H.GENIO | E276: 0 | H276: =E276+SUMIF('BR DTG ADW'!C:C,C276,'BR DTG ADW'!E:E) -> 0
A277: 16700-K15-306 | B277: NOSTOK | C277: 16700-K15-306 | D277: FUEL PUMP ASSY H.CB150R ORI | E277: 0 | H277: =E277+SUMIF('BR DTG ADW'!C:C,C277,'BR DTG ADW'!E:E) -> 0
A278: 16700-K16-305 | B278: NOSTOK | C278: 16700-K16-305 | D278: FUEL PUMP ASSY H.SCOOPY NON ESP ORI | E278: 0 | H278: =E278+SUMIF('BR DTG ADW'!C:C,C278,'BR DTG ADW'!E:E) -> 0
A279: 16700-K46-N02 | B279: NOSTOK | C279: 16700-K46-N02 | D279: FUEL PUMP ASSY H.SCOOPY FI ESP 2015 ORI | E279: 0 | H279: =E279+SUMIF('BR DTG ADW'!C:C,C279,'BR DTG ADW'!E:E) -> 0
A280: 16700-K81-N01 | B280: NOSTOK | C280: 16700-K81-N01 | D280: FUEL PUMP ASSY H.BEAT FI 2018 ORI | E280: 0 | H280: =E280+SUMIF('BR DTG ADW'!C:C,C280,'BR DTG ADW'!E:E) -> 0
A281: 16700-KZL-931 | B281: NOSTOK | C281: 16700-KZL-931 | D281: FUEL PUMP ASSY H.SPACY FI NON ESP ORI | E281: 0 | H281: =E281+SUMIF('BR DTG ADW'!C:C,C281,'BR DTG ADW'!E:E) -> 0
A282: 16700-KZR-305 | B282: NOSTOK | C282: 16700-KZR-305 | D282: FUEL PUMP ASSY H.VARIO 125 ORI | E282: 0 | H282: =E282+SUMIF('BR DTG ADW'!C:C,C282,'BR DTG ADW'!E:E) -> 0
A283: 16700-KZR-C02 | B283: NOSTOK | C283: 16700-KZR-C02 | D283: FUEL PUMP ASSY H.VARIO 125 ORI | E283: 0 | H283: =E283+SUMIF('BR DTG ADW'!C:C,C283,'BR DTG ADW'!E:E) -> 0
A284: 16707-GGZ-J01 | B284: FILTER | C284: 16707-GGZ-J01 | D284: FILTER FUEL PUMP H.VARIO 150/REVO FI ORI | E284: 0 | H284: =E284+SUMIF('BR DTG ADW'!C:C,C284,'BR DTG ADW'!E:E) -> 0
A285: 16707-K12-901 | B285: FILTER | C285: 16707-K12-901 | D285: FILTER FUEL PUMP / FILTER FP H.PCX/ADV AHM | E285: 0 | H285: =E285+SUMIF('BR DTG ADW'!C:C,C285,'BR DTG ADW'!E:E) -> 0
... A291: 17210-K03-N30 | B291: FILTER | C291: 17210-K03-N30 | D291: FILTER UDARA H.REVO FIT FI ORI | E291: 0 | H291: =E291+SUMIF('BR DTG ADW'!C:C,C291,'BR DTG ADW'!E:E) -> 0
A292: 17210-K0J-N00 | B292: FILTER | C292: 17210-K0J-N00 | D292: FILTER UDARA H.GENIO ORI | E292: 1 | F292: 17210-K0J-N00 | H292: =E292+SUMIF('BR DTG ADW'!C:C,C292,'BR DTG ADW'!E:E) -> 1
A293: 17210-K16-900 | B293: FILTER | C293: 17210-K16-900 | D293: FILTER UDARA H.BEAT FI ORI | E293: 7 | H293: =E293+SUMIF('BR DTG ADW'!C:C,C293,'BR DTG ADW'!E:E) -> 7
A294: 17210-K1A-N00 | B294: NOSTOK | C294: 17210-K1A-N00 | D294: FILTER UDARA H.BEAT/STREET LED ORI | E294: 0 | F294: 17210-K0J-N00 | H294: =E294+SUMIF('BR DTG ADW'!C:C,C294,'BR DTG ADW'!E:E) -> 0
A295: 17210-K1Z-N20 | B295: FILTER | C295: 17210-K1Z-N20 | D295: FILTER UDARA H.PCX 160 ORI | E295: 1 | H295: =E295+SUMIF('BR DTG ADW'!C:C,C295,'BR DTG ADW'!E:E) -> 1
A296: 17210-K46-N20 | B296: NOSTOK | C296: 17210-K46-N20 | D296: FILTER UDARA H.BEAT FI AHM | E296: 0 | H296: =E296+SUMIF('BR DTG ADW'!C:C,C296,'BR DTG ADW'!E:E) -> 0
A297: 17210-K59-A70 | B297: FILTER | C297: 17210-K59-A70 | D297: FILTER UDARA H.VARIO 150 LED ESP ORI | E297: 2 | H297: =E297+SUMIF('BR DTG ADW'!C:C,C297,'BR DTG ADW'!E:E) -> 2
A298: 17210-K97-N00 | B298: FILTER | C298: 17210-K97-N00 | D298: FILTER UDARA H.PCX 150 ORI | E298: 1 | H298: =E298+SUMIF('BR DTG ADW'!C:C,C298,'BR DTG ADW'!E:E) -> 1
A299: 17210-KPH-900 | B299: FILTER | C299: 17210-KPH-900 | D299: FILTER UDARA H.SUPRA X 125 ORI | E299: 1 | H299: =E299+SUMIF('BR DTG ADW'!C:C,C299,'BR DTG ADW'!E:E) -> 1
A300: 17210-KVB-930 | B300: FILTER | C300: 17210-KVB-930 | D300: FILTER UDARA H.VARIO 110 ORI | E300: 3 | H300: =E300+SUMIF('BR DTG ADW'!C:C,C300,'BR DTG ADW'!E:E) -> 3
A301: 17210-KVY-960 | B301: FILTER | C301: 17210-KVY-960 | D301: FILTER UDARA H.BEAT ORI | E301: 1 | H301: =E301+SUMIF('BR DTG ADW'!C:C,C301,'BR DTG ADW'!E:E) -> 1
A302: 17210-KWB-920 | B302: FILTER | C302: 17210-KWB-920 | D302: FILTER UDARA H.REVO 110 | E302: 1 | H302: =E302+SUMIF('BR DTG ADW'!C:C,C302,'BR DTG ADW'!E:E) -> 1
A303: 17210-KWBF-9200 | B303: NOSTOK | C303: 17210-KWBF-9200 | D303: FILTER UDARA H.REVO 110 KEH | E303: 0 | H303: =E303+SUMIF('BR DTG ADW'!C:C,C303,'BR DTG ADW'!E:E) -> 0
A304: 17210-KYZ-900 | B304: FILTER | C304: 17210-KYZ-900 | D304: FILTER UDARA H.SUPRA X 125 FI AHM | E304: 1 | H304: =E304+SUMIF('BR DTG ADW'!C:C,C304,'BR DTG ADW'!E:E) -> 1
A305: 17210-KZL-A00 | B305: NOSTOK | C305: 17210-KZL-A00 | D305: FILTER UDARA H.SPACY | E305: 0 | H305: =E305+SUMIF('BR DTG ADW'!C:C,C305,'BR DTG ADW'!E:E) -> 0
...

Sheet STOK CIKDITIRO
A1: NoItemCOPY | B1: RakBarang | C1: NoItem | D1: NamaItem | E1: Quantity | F1: NOTE | G1: STS | H1: SO+BR DTG | I1: CATATAN
A2: - | B2: NOSTOK | C2: - | D2: - | E2: 0 | H2: =E2+SUMIF('BR DTG CIKDITIRO'!C:C,C2,'BR DTG CIKDITIRO'!E:E) -> 0 | I2: JANGAN LUPA KOLOM H COPY RUMUS SAMPAI BAWAH
A3: -- | B3: NOSTOK | C3: -- | D3: - | E3: 0 | H3: =E3+SUMIF('BR DTG CIKDITIRO'!C:C,C3,'BR DTG CIKDITIRO'!E:E) -> 0
A4: 011-GN5-NPP PK C | B4: NOSTOK | C4: 011-GN5-NPP PK C | D4: PISTON KIT H. SUPRA GRAND NPP (STD) IMI | E4: 0 | H4: =E4+SUMIF('BR DTG CIKDITIRO'!C:C,C4,'BR DTG CIKDITIRO'!E:E) -> 0
A5: 011-K44-NPP | B5: NOSTOK | C5: 011-K44-NPP | D5: PISTON KIT H.BEAT FI ESP/POP (1.00) ORI | E5: 0 | H5: =E5+SUMIF('BR DTG CIKDITIRO'!C:C,C5,'BR DTG CIKDITIRO'!E:E) -> 0
A6: 011-K59-0705 | B6: NOSTOK | C6: 011-K59-0705 | D6: STANG SEHER VARIO 150 IMI NPP | E6: 0 | H6: =E6+SUMIF('BR DTG CIKDITIRO'!C:C,C6,'BR DTG CIKDITIRO'!E:E) -> 0
A7: 011-K97-0705 NPP | B7: NOSTOK | C7: 011-K97-0705 NPP | D7: STANG SEHER H. PCX 150 ORI | E7: 0 | H7: =E7+SUMIF('BR DTG CIKDITIRO'!C:C,C7,'BR DTG CIKDITIRO'!E:E) -> 0
A8: 011-KPH-950-025 | B8: NOSTOK | C8: 011-KPH-950-025 | D8: RING PISTON H.KARISMA IMI | E8: 0 | H8: =E8+SUMIF('BR DTG CIKDITIRO'!C:C,C8,'BR DTG CIKDITIRO'!E:E) -> 0
A9: 011-KPH-NPP PK | B9: NOSTOK | C9: 011-KPH-NPP PK | D9: PISTON KIT H.KARISMA NPP (1.25) | E9: 0 | H9: =E9+SUMIF('BR DTG CIKDITIRO'!C:C,C9,'BR DTG CIKDITIRO'!E:E) -> 0
A10: 011-KPP-0705 | B10: NOSTOK | C10: 011-KPP-0705 | D10: STANG SEHER H.CB150R IMI | E10: 0 | H10: =E10+SUMIF('BR DTG CIKDITIRO'!C:C,C10,'BR DTG CIKDITIRO'!E:E) -> 0
A11: 011-KVB NPP PK | B11: NOSTOK | C11: 011-KVB NPP PK | D11: PISTON KIT H.VARIO CARBU NPP (1.25) | E11: 0 | H11: =E11+SUMIF('BR DTG CIKDITIRO'!C:C,C11,'BR DTG CIKDITIRO'!E:E) -> 0
A12: 01-C21-300-40AA | B12: NOSTOK | C12: 01-C21-300-40AA | D12: BATOK DEPAN SMASH 125 WIN | E12: 0 | H12: =E12+SUMIF('BR DTG CIKDITIRO'!C:C,C12,'BR DTG CIKDITIRO'!E:E) -> 0
A13: 01-C21-307-40AA | B13: NOSTOK | C13: 01-C21-307-40AA | D13: SLEBOR DEPAN SMASH 125 WIN | E13: 0 | H13: =E13+SUMIF('BR DTG CIKDITIRO'!C:C,C13,'BR DTG CIKDITIRO'!E:E) -> 0
A14: 01-D17-706-99AA | B14: NOSTOK | C14: 01-D17-706-99AA | D14: SWITCH REM Y.JUPITER Z IMI | E14: 0 | H14: =E14+SUMIF('BR DTG CIKDITIRO'!C:C,C14,'BR DTG CIKDITIRO'!E:E) -> 0
... A91: 1110-159NSNB | B91: NOSTOK | C91: 1110-159NSNB | D91: SUP/RUJI BELAKANG H.SUPRA X 125 ORI | E91: 0 | H91: =E91+SUMIF('BR DTG CIKDITIRO'!C:C,C91,'BR DTG CIKDITIRO'!E:E) -> 0
A92: 11103-KVB-901 | B92: NOSTOK | C92: 11103-KVB-901 | D92: KARET MONTING H.VARIO ORI | E92: 0 | F92: 11103-KVB-930 | H92: =E92+SUMIF('BR DTG CIKDITIRO'!C:C,C92,'BR DTG CIKDITIRO'!E:E) -> 0
A93: 11103-KVB-930 | B93: KARET & SELANG | C93: 11103-KVB-930 | D93: KARET MONTING H.VARIO ORI | E93: 2 | F93: 11103-KVB-930 | H93: =E93+SUMIF('BR DTG CIKDITIRO'!C:C,C93,'BR DTG CIKDITIRO'!E:E) -> 2
A94: 11108-KVB-900 | B94: NOSTOK | C94: 11108-KVB-900 | D94: PLAT KANCINGAN AS PULLY BEAT/VARIO | E94: 0 | H94: =E94+SUMIF('BR DTG CIKDITIRO'!C:C,C94,'BR DTG CIKDITIRO'!E:E) -> 0
A95: 1111-160 | B95: NOSTOK | C95: 1111-160 | D95: SUP RUJI 250-1 H.AHM | E95: 0 | H95: =E95+SUMIF('BR DTG CIKDITIRO'!C:C,C95,'BR DTG CIKDITIRO'!E:E) -> 0
A96: 1111-183 | B96: NOSTOK | C96: 1111-183 | D96: SUP/RUJI DEPAN H.SUPRA X 125 ORI | E96: 0 | H96: =E96+SUMIF('BR DTG CIKDITIRO'!C:C,C96,'BR DTG CIKDITIRO'!E:E) -> 0
A97: 11203-KVB-901 | B97: NOSTOK | C97: 11203-KVB-901 | D97: BOS SHOCK BELAKANG BAWAH H.BEAT/SCOOPY/VARIO FI ORI | E97: 0 | H97: =E97+SUMIF('BR DTG CIKDITIRO'!C:C,C97,'BR DTG CIKDITIRO'!E:E) -> 0
A98: 11210B09G10N000 | B98: NOSTOK | C98: 11210B09G10N000 | D98: BLOK + PISTON S.SMASH ORI | E98: 0 | H98: =E98+SUMIF('BR DTG CIKDITIRO'!C:C,C98,'BR DTG CIKDITIRO'!E:E) -> 0
A99: 11345-K56-N50 | B99: NOSTOK | C99: 11345-K56-N50 | D99: PERPAK MAGNET H.CB150R ORI | E99: 0 | H99: =E99+SUMIF('BR DTG CIKDITIRO'!C:C,C99,'BR DTG CIKDITIRO'!E:E) -> 0
A100: 11361-K44-V00 | B100: NOSTOK | C100: 11361-K44-V00 | D100: TUTUP POMPA OLI BEAT/SCOOPY/ESP | E100: 0 | H100: =E100+SUMIF('BR DTG CIKDITIRO'!C:C,C100,'BR DTG CIKDITIRO'!E:E) -> 0
A101: 11363-KWN-900 | B101: KARET & SELANG | C101: 11363-KWN-900 | D101: ORING MAGHNET H.VARIO 125 ORI | E101: 1 | H101: =E101+SUMIF('BR DTG CIKDITIRO'!C:C,C101,'BR DTG CIKDITIRO'!E:E) -> 1
A102: 11393-KGH-901 | B102: NOSTOK | C102: 11393-KGH-901 | D102: PERPAK KOPLING H.CB150R ORI | E102: 1 | H102: =E102+SUMIF('BR DTG CIKDITIRO'!C:C,C102,'BR DTG CIKDITIRO'!E:E) -> 1
A103: 11394-K56-V50 | B103: NOSTOK | C103: 11394-K56-V50 | D103: PERPAK KOPLING H. CBR150R ORI | E103: 0 | H103: =E103+SUMIF('BR DTG CIKDITIRO'!C:C,C103,'BR DTG CIKDITIRO'!E:E) -> 0
A104: 11395-KPH-900 | B104: NOSTOK | C104: 11395-KPH-900 | D104: PERPAK MAGNET H.KARISMA/SUPRA X 125 ORI | E104: 0 | H104: =E104+SUMIF('BR DTG CIKDITIRO'!C:C,C104,'BR DTG CIKDITIRO'!E:E) -> 0
A105: 11-6002-2RS1/C3H | B105: NOSTOK | C105: 11-6002-2RS1/C3H | D105: BEARING BALL IMI | E105: 0 | H105: =E105+SUMIF('BR DTG CIKDITIRO'!C:C,C105,'BR DTG CIKDITIRO'!E:E) -> 0
... A114: 12204-KVY-901 | B114: NOSTOK | C114: 12204-KVY-901 | D114: BOS KLEP BEAT/ SPACY | E114: 0 | H114: =E114+SUMIF('BR DTG CIKDITIRO'!C:C,C114,'BR DTG CIKDITIRO'!E:E) -> 0
A115: 12209-GB4-681 | B115: NOSTOK | C115: 12209-GB4-681 | D115: SEAL KLEP H.BEAT FI | E115: 0 | F115: 12209-GB4-682 | H115: =E115+SUMIF('BR DTG CIKDITIRO'!C:C,C115,'BR DTG CIKDITIRO'!E:E) -> 0
A116: 12209-GB4-682 | B116: MESIN | C116: 12209-GB4-682 | D116: SEAL KLEP H.SUPRA X 125 ORI | E116: 2 | F116: 12209-GB4-682 | H116: =E116+SUMIF('BR DTG CIKDITIRO'!C:C,C116,'BR DTG CIKDITIRO'!E:E) -> 2
A117: 12245-GB4-305 | B117: NOSTOK | C117: 12245-GB4-305 | D117: BOS KLEP H.SUPRA | E117: 0 | H117: =E117+SUMIF('BR DTG CIKDITIRO'!C:C,C117,'BR DTG CIKDITIRO'!E:E) -> 0
A118: 12251-GGC-901 | B118: NOSTOK | C118: 12251-GGC-901 | D118: PERPAK HEAD H.BEAT FI ORI | E118: 3 | H118: =E118+SUMIF('BR DTG CIKDITIRO'!C:C,C118,'BR DTG CIKDITIRO'!E:E) -> 3
A119: 12251-K12-901 | B119: NOSTOK | C119: 12251-K12-901 | D119: PERPAK CHTP-SILINDER HEAD | E119: 1 | F119: 12251-K12-901 | H119: =E119+SUMIF('BR DTG CIKDITIRO'!C:C,C119,'BR DTG CIKDITIRO'!E:E) -> 1
A120: 12251-K15-900 | B120: NOSTOK | C120: 12251-K15-900 | D120: PERPAK HEAD H.CB150R 13 / CBR150R 11-14 ORI | E120: 0 | H120: =E120+SUMIF('BR DTG CIKDITIRO'!C:C,C120,'BR DTG CIKDITIRO'!E:E) -> 0
A121: 12251-K1Z-J11 | B121: NOSTOK | C121: 12251-K1Z-J11 | D121: PERPAK HEAD H. PCX 160/VARIO 160/STYLO ORI | E121: 0 | H121: =E121+SUMIF('BR DTG CIKDITIRO'!C:C,C121,'BR DTG CIKDITIRO'!E:E) -> 0
A122: 12251-K56-N02 | B122: NOSTOK | C122: 12251-K56-N02 | D122: PERPAK HEAD H.CB150R/CBR ORI | E122: 0 | H122: =E122+SUMIF('BR DTG CIKDITIRO'!C:C,C122,'BR DTG CIKDITIRO'!E:E) -> 0
A123: 12251-K78-00 | B123: NOSTOK | C123: 12251-K78-00 | D123: PERPAK HEAD H.VARIO 150 | E123: 0 | H123: =E123+SUMIF('BR DTG CIKDITIRO'!C:C,C123,'BR DTG CIKDITIRO'!E:E) -> 0
A124: 12251-K97-T01 | B124: NOSTOK | C124: 12251-K97-T01 | D124: PERPAK HEAD H.VARIO 150 ORI | E124: 1 | F124: 12251-K97-T01 | H124: =E124+SUMIF('BR DTG CIKDITIRO'!C:C,C124,'BR DTG CIKDITIRO'!E:E) -> 1
A125: 12251-KVB-902 | B125: NOSTOK | C125: 12251-KVB-902 | D125: PERPAK HEAD H.VARIO ORI | E125: 0 | H125: =E125+SUMIF('BR DTG CIKDITIRO'!C:C,C125,'BR DTG CIKDITIRO'!E:E) -> 0
A126: 12251-KZR-601 | B126: NOSTOK | C126: 12251-KZR-601 | D126: PERPAK HEAD H.VARIO 125 ORI | E126: 0 | F126: 12251-K12-901 | H126: =E126+SUMIF('BR DTG CIKDITIRO'!C:C,C126,'BR DTG CIKDITIRO'!E:E) -> 0
A127: 12251-KZY-701 | B127: NOSTOK | C127: 12251-KZY-701 | D127: PERPAK HEAD H.VARIO 150 ORI | E127: 0 | H127: =E127+SUMIF('BR DTG CIKDITIRO'!C:C,C127,'BR DTG CIKDITIRO'!E:E) -> 0
A128: 12361-035-000 | B128: BAUD | C128: 12361-035-000 | D128: TUTUP KLEP GRAND AHM | E128: 1 | H128: =E128+SUMIF('BR DTG CIKDITIRO'!C:C,C128,'BR DTG CIKDITIRO'!E:E) -> 1
A129: 12361-383-000 | B129: NOSTOK | C129: 12361-383-000 | D129: CAP HOLE GL MAX MEGAPRO ADV | E129: 0 | H129: =E129+SUMIF('BR DTG CIKDITIRO'!C:C,C129,'BR DTG CIKDITIRO'!E:E) -> 0
A130: 12391-GGC-900 | B130: NOSTOK | C130: 12391-GGC-900 | D130: SEAL HEAD H.BEAT FI NON ESP ORI | E130: 0 | F130: 12391-K25-601 | H130: =E130+SUMIF('BR DTG CIKDITIRO'!C:C,C130,'BR DTG CIKDITIRO'!E:E) -> 0
A131: 12391-K1A-N01 | B131: KARET & SELANG | C131: 12391-K1A-N01 | D131: SEAL HEAD H.GENIO/BEAT FI20 ORI | E131: 0 | H131: =E131+SUMIF('BR DTG CIKDITIRO'!C:C,C131,'BR DTG CIKDITIRO'!E:E) -> 0
A132: 12391-K25-601 | B132: KARET & SELANG | C132: 12391-K25-601 | D132: SEAL HEAD H.BEAT FI ESP ORI | E132: 4 | F132: 12391-K25-601 | H132: =E132+SUMIF('BR DTG CIKDITIRO'!C:C,C132,'BR DTG CIKDITIRO'!E:E) -> 4
A133: 12391-K44-V00 | B133: NOSTOK | C133: 12391-K44-V00 | D133: SEAL HEAD H.BEAT FI ORI | E133: 0 | F133: 12391-K25-601 | H133: =E133+SUMIF('BR DTG CIKDITIRO'!C:C,C133,'BR DTG CIKDITIRO'!E:E) -> 0
A134: 12391-K66-V01 | B134: KARET & SELANG | C134: 12391-K66-V01 | D134: SEAL HEAD H.VARIO 125 NEW ESP ORI | E134: 1 | H134: =E134+SUMIF('BR DTG CIKDITIRO'!C:C,C134,'BR DTG CIKDITIRO'!E:E) -> 1
A135: 12391-KRM-840 | B135: NOSTOK | C135: 12391-KRM-840 | D135: SEAL HEAD H. MEGAPRO ORI | E135: 0 | H135: =E135+SUMIF('BR DTG CIKDITIRO'!C:C,C135,'BR DTG CIKDITIRO'!E:E) -> 0
A136: 12391-KVB-900 | B136: NOSTOK | C136: 12391-KVB-900 | D136: SEAL HEAD H.VARIO CARBU ORI | E136: 0 | H136: =E136+SUMIF('BR DTG CIKDITIRO'!C:C,C136,'BR DTG CIKDITIRO'!E:E) -> 0
A137: 12391-KVY-900 | B137: NOSTOK | C137: 12391-KVY-900 | D137: SEAL HEAD H.BEAT CARBU ORI | E137: 0 | F137: 12391-KZL-A00 | H137: =E137+SUMIF('BR DTG CIKDITIRO'!C:C,C137,'BR DTG CIKDITIRO'!E:E) -> 0
A138: 12391-KWW-A80 | B138: NOSTOK | C138: 12391-KWW-A80 | D138: SEAL HEAD H.REVO 110 ORI | E138: 0 | H138: =E138+SUMIF('BR DTG CIKDITIRO'!C:C,C138,'BR DTG CIKDITIRO'!E:E) -> 0
A139: 12391-KZL-A00 | B139: NOSTOK | C139: 12391-KZL-A00 | D139: SEAL HEAD H.BEAT CARBU ORI | E139: 0 | F139: 12391-KZL-A00 | H139: =E139+SUMIF('BR DTG CIKDITIRO'!C:C,C139,'BR DTG CIKDITIRO'!E:E) -> 0
A140: 12391-KZR-600 | B140: KARET & SELANG | C140: 12391-KZR-600 | D140: SEAL HEAD H.VARIO 125 ORI | E140: 0 | H140: =E140+SUMIF('BR DTG CIKDITIRO'!C:C,C140,'BR DTG CIKDITIRO'!E:E) -> 0
A141: 12760B09G11N000 | B141: NOSTOK | C141: 12760B09G11N000 | D141: RANTE KETENG SMASH SGP | E141: 0 | H141: =E141+SUMIF('BR DTG CIKDITIRO'!C:C,C141,'BR DTG CIKDITIRO'!E:E) -> 0
A142: 12840-20G20-000 | B142: NOSTOK | C142: 12840-20G20-000 | D142: TEMPLAR SMASH 110 NEW | E142: 0 | H142: =E142+SUMIF('BR DTG CIKDITIRO'!C:C,C142,'BR DTG CIKDITIRO'!E:E) -> 0
A143: 130/70-13 | B143: NOSTOK | C143: 130/70-13 | D143: BAN TUBLES 130/70-13 FDR | E143: 0 | H143: =E143+SUMIF('BR DTG CIKDITIRO'!C:C,C143,'BR DTG CIKDITIRO'!E:E) -> 0
A144: 130/70-13-63SP | B144: NOSTOK | C144: 130/70-13-63SP | D144: BAN TUBLES 130/70-13 IRC | E144: 0 | H144: =E144+SUMIF('BR DTG CIKDITIRO'!C:C,C144,'BR DTG CIKDITIRO'!E:E) -> 0
A145: 13000-K0J-N00 | B145: NOSTOK | C145: 13000-K0J-N00 | D145: KRUK AS H.GENIO/BEAT ESAF/SCOOPY ESAF ORI | E145: 0 | H145: =E145+SUMIF('BR DTG CIKDITIRO'!C:C,C145,'BR DTG CIKDITIRO'!E:E) -> 0
A146: 1300A-K15-900 | B146: NOSTOK | C146: 1300A-K15-900 | D146: KRUK AS CB 150 R13 / CB 150 R14 | E146: 0 | H146: =E146+SUMIF('BR DTG CIKDITIRO'!C:C,C146,'BR DTG CIKDITIRO'!E:E) -> 0
A147: 1300A-K59-A10 | B147: NOSTOK | C147: 1300A-K59-A10 | D147: KRUK AS H.VARIO 125 LED/150 ORI | E147: 0 | H147: =E147+SUMIF('BR DTG CIKDITIRO'!C:C,C147,'BR DTG CIKDITIRO'!E:E) -> 0
A148: 1300A-KVY-960 | B148: NOSTOK | C148: 1300A-KVY-960 | D148: KRUK AS H.BEAT CARBU ORI | E148: 0 | H148: =E148+SUMIF('BR DTG CIKDITIRO'!C:C,C148,'BR DTG CIKDITIRO'!E:E) -> 0
A149: 1300A-KZL-L30 | B149: NOSTOK | C149: 1300A-KZL-L30 | D149: KRUK AS H.BEAT FI ORI | E149: 0 | H149: =E149+SUMIF('BR DTG CIKDITIRO'!C:C,C149,'BR DTG CIKDITIRO'!E:E) -> 0
A150: 13011-K44-V00 | B150: NOSTOK | C150: 13011-K44-V00 | D150: RING SEHER STD H.BEAT ESP ORI | E150: 0 | H150: =E150+SUMIF('BR DTG CIKDITIRO'!C:C,C150,'BR DTG CIKDITIRO'!E:E) -> 0
A151: 13011-K81-N00 | B151: NOSTOK | C151: 13011-K81-N00 | D151: RING SEHER H.BEAT ORI | E151: 0 | H151: =E151+SUMIF('BR DTG CIKDITIRO'!C:C,C151,'BR DTG CIKDITIRO'!E:E) -> 0
... A285: 16450-K59-A71 | B285: NOSTOK | C285: 16450-K59-A71 | D285: INJEKTOR H.VARIO 150 ORI | E285: 0 | H285: =E285+SUMIF('BR DTG CIKDITIRO'!C:C,C285,'BR DTG CIKDITIRO'!E:E) -> 0
A286: 16450-KZR-601 | B286: KELISTRIKAN. STATER/ENGKOL | C286: 16450-KZR-601 | D286: INJEKTOR H.VARIO 125 ORI (16450-KZR-B21) | E286: 2 | F286: 16450-KZR-601 | H286: =E286+SUMIF('BR DTG CIKDITIRO'!C:C,C286,'BR DTG CIKDITIRO'!E:E) -> 2
A287: 16450-KZR-B21 | B287: NOSTOK | C287: 16450-KZR-B21 | D287: INJEKTOR H.VARIO 125 ORI | E287: 0 | F287: 16450-KZR-601 | H287: =E287+SUMIF('BR DTG CIKDITIRO'!C:C,C287,'BR DTG CIKDITIRO'!E:E) -> 0
A288: 16472-KPC-D50 | B288: NOSTOK | C288: 16472-KPC-D50 | D288: RING SEAL / ORING INJEKTOR BAWAH | E288: 0 | H288: =E288+SUMIF('BR DTG CIKDITIRO'!C:C,C288,'BR DTG CIKDITIRO'!E:E) -> 0
A289: 16480-KVB-S51 | B289: NOSTOK | C289: 16480-KVB-S51 | D289: SELENOID SET | E289: 0 | H289: =E289+SUMIF('BR DTG CIKDITIRO'!C:C,C289,'BR DTG CIKDITIRO'!E:E) -> 0
A290: 16700-K0J-N01 | B290: NOSTOK | C290: 16700-K0J-N01 | D290: FUEL PUMP ASSY H.GENIO | E290: 0 | H290: =E290+SUMIF('BR DTG CIKDITIRO'!C:C,C290,'BR DTG CIKDITIRO'!E:E) -> 0
A291: 16700-K16-305 | B291: NOSTOK | C291: 16700-K16-305 | D291: FUEL PUMP ASSY H.SCOOPY NON ESP ORI | E291: 0 | H291: =E291+SUMIF('BR DTG CIKDITIRO'!C:C,C291,'BR DTG CIKDITIRO'!E:E) -> 0
A292: 16700-K2F-N01 | B292: NOSTOK | C292: 16700-K2F-N01 | D292: FUEL PUMP ASSY H.SCOOPY ORI | E292: 0 | H292: =E292+SUMIF('BR DTG CIKDITIRO'!C:C,C292,'BR DTG CIKDITIRO'!E:E) -> 0
A293: 16700-K46-N02 | B293: NOSTOK | C293: 16700-K46-N02 | D293: FUEL PUMP ASSY H.SCOOPY FI ESP 2015 ORI | E293: 0 | H293: =E293+SUMIF('BR DTG CIKDITIRO'!C:C,C293,'BR DTG CIKDITIRO'!E:E) -> 0
A294: 16700-K81-N01 | B294: NOSTOK | C294: 16700-K81-N01 | D294: FUEL PUMP ASSY H.BEAT FI 2018 ORI | E294: 0 | H294: =E294+SUMIF('BR DTG CIKDITIRO'!C:C,C294,'BR DTG CIKDITIRO'!E:E) -> 0
A295: 16700-KZR-305 | B295: NOSTOK | C295: 16700-KZR-305 | D295: FUEL PUMP ASSY H.VARIO 125 ORI | E295: 0 | H295: =E295+SUMIF('BR DTG CIKDITIRO'!C:C,C295,'BR DTG CIKDITIRO'!E:E) -> 0
A296: 16700-KZR-C02 | B296: NOSTOK | C296: 16700-KZR-C02 | D296: FUEL PUMP ASSY H.VARIO 125 ORI | E296: 0 | H296: =E296+SUMIF('BR DTG CIKDITIRO'!C:C,C296,'BR DTG CIKDITIRO'!E:E) -> 0
A297: 16707-GGZ-J01 | B297: FILTER | C297: 16707-GGZ-J01 | D297: FILTER FUEL PUMP / FILTER FP H.VARIO 150/REVO FI ORI | E297: 0 | H297: =E297+SUMIF('BR DTG CIKDITIRO'!C:C,C297,'BR DTG CIKDITIRO'!E:E) -> 0
A298: 16707-K12-901 | B298: FILTER | C298: 16707-K12-901 | D298: FILTER SET H.PCX | E298: 0 | H298: =E298+SUMIF('BR DTG CIKDITIRO'!C:C,C298,'BR DTG CIKDITIRO'!E:E) -> 0
A299: 16707-K45-N01 | B299: NOSTOK | C299: 16707-K45-N01 | D299: FILTER FUEL PUMP H.CB150R/CBR ORI | E299: 0 | H299: =E299+SUMIF('BR DTG CIKDITIRO'!C:C,C299,'BR DTG CIKDITIRO'!E:E) -> 0
... A305: 17210-K03-N30 | B305: NOSTOK | C305: 17210-K03-N30 | D305: FILTER UDARA H.REVO FIT FI ORI | E305: 0 | H305: =E305+SUMIF('BR DTG CIKDITIRO'!C:C,C305,'BR DTG CIKDITIRO'!E:E) -> 0
A306: 17210-K0J-N00 | B306: FILTER | C306: 17210-K0J-N00 | D306: FILTER UDARA H.GENIO ORI | E306: 1 | F306: 17210-K0J-N00 | H306: =E306+SUMIF('BR DTG CIKDITIRO'!C:C,C306,'BR DTG CIKDITIRO'!E:E) -> 1
A307: 17210-K16-900 | B307: FILTER | C307: 17210-K16-900 | D307: FILTER UDARA H.BEAT FI ORI | E307: 5 | H307: =E307+SUMIF('BR DTG CIKDITIRO'!C:C,C307,'BR DTG CIKDITIRO'!E:E) -> 5
A308: 17210-K1Z-N20 | B308: FILTER | C308: 17210-K1Z-N20 | D308: FILTER UDARA H.PCX 21 | E308: 1 | H308: =E308+SUMIF('BR DTG CIKDITIRO'!C:C,C308,'BR DTG CIKDITIRO'!E:E) -> 1
A309: 17210-K46-N20 | B309: NOSTOK | C309: 17210-K46-N20 | D309: FILTER UDARA H.BEAT FI AHM | E309: 0 | H309: =E309+SUMIF('BR DTG CIKDITIRO'!C:C,C309,'BR DTG CIKDITIRO'!E:E) -> 0
A310: 17210-K59-A70 | B310: FILTER | C310: 17210-K59-A70 | D310: FILTER UDARA H.VARIO 150 LED ESP ORI | E310: 1 | H310: =E310+SUMIF('BR DTG CIKDITIRO'!C:C,C310,'BR DTG CIKDITIRO'!E:E) -> 1
A311: 17210-K97-N00 | B311: FILTER | C311: 17210-K97-N00 | D311: FILTER UDARA H.PCX/ADV ORI | E311: 1 | H311: =E311+SUMIF('BR DTG CIKDITIRO'!C:C,C311,'BR DTG CIKDITIRO'!E:E) -> 1
A312: 17210-KPH-900 | B312: NOSTOK | C312: 17210-KPH-900 | D312: FILTER UDARA H.SUPRA X 125 ORI | E312: 0 | H312: =E312+SUMIF('BR DTG CIKDITIRO'!C:C,C312,'BR DTG CIKDITIRO'!E:E) -> 0
A313: 17210-KVB-930 | B313: FILTER | C313: 17210-KVB-930 | D313: FILTER UDARA H.VARIO 110 ORI | E313: 2 | H313: =E313+SUMIF('BR DTG CIKDITIRO'!C:C,C313,'BR DTG CIKDITIRO'!E:E) -> 2
A314: 17210-KVY-960 | B314: FILTER | C314: 17210-KVY-960 | D314: FILTER UDARA H.BEAT ORI | E314: 2 | H314: =E314+SUMIF('BR DTG CIKDITIRO'!C:C,C314,'BR DTG CIKDITIRO'!E:E) -> 2
A315: 17210-KWB-920 | B315: NOSTOK | C315: 17210-KWB-920 | D315: FILTER UDARA H.REVO 110 | E315: 0 | H315: =E315+SUMIF('BR DTG CIKDITIRO'!C:C,C315,'BR DTG CIKDITIRO'!E:E) -> 0
A316: 17210-KWBF-9200 | B316: NOSTOK | C316: 17210-KWBF-9200 | D316: FILTER UDARA H.REVO 110 KEH | E316: 0 | H316: =E316+SUMIF('BR DTG CIKDITIRO'!C:C,C316,'BR DTG CIKDITIRO'!E:E) -> 0
A317: 17210-KYZ-900 | B317: NOSTOK | C317: 17210-KYZ-900 | D317: FILTER UDARA H.SUPRA X 125 FI AHM | E317: 0 | H317: =E317+SUMIF('BR DTG CIKDITIRO'!C:C,C317,'BR DTG CIKDITIRO'!E:E) -> 0
A318: 17210-KZL-A00 | B318: FILTER | C318: 17210-KZL-A00 | D318: FILTER UDARA H.SPACY | E318: 0 | H318: =E318+SUMIF('BR DTG CIKDITIRO'!C:C,C318,'BR DTG CIKDITIRO'!E:E) -> 0
A319: 17210-KZR-600 | B319: NOSTOK | C319: 17210-KZR-600 | D319: FILTER UDARA H.VARIO 125 FI ORI (17220-KZR-600) | E319: 0 | F319: 17220-KZR-600 | H319: =E319+SUMIF('BR DTG CIKDITIRO'!C:C,C319,'BR DTG CIKDITIRO'!E:E) -> 0
A320: 17220-KZR-600 | B320: FILTER | C320: 17220-KZR-600 | D320: FILTER UDARA H.VARIO 125 FI ORI | E320: 3 | F320: 17220-KZR-600 | H320: =E320+SUMIF('BR DTG CIKDITIRO'!C:C,C320,'BR DTG CIKDITIRO'!E:E) -> 3
A321: 17245-K59- A70 | B321: NOSTOK | C321: 17245-K59- A70 | D321: TUTUP FILTER UDARA H. VARIO 125 ORI | E321: 0 | H321: =E321+SUMIF('BR DTG CIKDITIRO'!C:C,C321,'BR DTG CIKDITIRO'!E:E) -> 0
A322: 17528-K16-901 | B322: NOSTOK | C322: 17528-K16-901 | D322: SELANG BENSIN INJEKSI | E322: 0 | H322: =E322+SUMIF('BR DTG CIKDITIRO'!C:C,C322,'BR DTG CIKDITIRO'!E:E) -> 0
...

Sheet STOK TRAYEMAN
A1: NoItemCOPY | B1: RakBarang | C1: NoItem | D1: NamaItem | E1: Quantity | F1: NOTE | G1: STS | H1: SO+BR DTG | I1: CATATAN
A2: - | B2: NOSTOK | C2: - | D2: - | E2: 0 | H2: =E2+SUMIF('BR DTG TRAYEMAN'!C:C,C2,'BR DTG TRAYEMAN'!E:E) -> 0 | I2: JANGAN LUPA KOLOM H COPY RUMUS SAMPAI BAWAH
A3: -- | B3: NOSTOK | C3: -- | D3: - | E3: 0 | H3: =E3+SUMIF('BR DTG TRAYEMAN'!C:C,C3,'BR DTG TRAYEMAN'!E:E) -> 0
A4: 011-GN5-NPP PK C | B4: NOSTOK | C4: 011-GN5-NPP PK C | D4: PISTON KIT H. SUPRA GRAND NPP (STD) IMI | E4: 0 | H4: =E4+SUMIF('BR DTG TRAYEMAN'!C:C,C4,'BR DTG TRAYEMAN'!E:E) -> 0
A5: 011-K44-NPP | B5: NOSTOK | C5: 011-K44-NPP | D5: PISTON KIT H.BEAT FI ESP/POP (1.00) ORI | E5: 0 | H5: =E5+SUMIF('BR DTG TRAYEMAN'!C:C,C5,'BR DTG TRAYEMAN'!E:E) -> 0
A6: 011-K59-0705 | B6: NOSTOK | C6: 011-K59-0705 | D6: STANG SEHER VARIO 150 IMI NPP | E6: 0 | H6: =E6+SUMIF('BR DTG TRAYEMAN'!C:C,C6,'BR DTG TRAYEMAN'!E:E) -> 0
A7: 011-K97-0705 NPP | B7: NOSTOK | C7: 011-K97-0705 NPP | D7: STANG SEHER H. PCX 150 ORI | E7: 0 | H7: =E7+SUMIF('BR DTG TRAYEMAN'!C:C,C7,'BR DTG TRAYEMAN'!E:E) -> 0
A8: 011-KPH-950-025 | B8: NOSTOK | C8: 011-KPH-950-025 | D8: RING PISTON H.KARISMA IMI | E8: 0 | H8: =E8+SUMIF('BR DTG TRAYEMAN'!C:C,C8,'BR DTG TRAYEMAN'!E:E) -> 0
A9: 011-KPH-NPP PK | B9: NOSTOK | C9: 011-KPH-NPP PK | D9: PISTON KIT H.KARISMA NPP (1.25) | E9: 0 | H9: =E9+SUMIF('BR DTG TRAYEMAN'!C:C,C9,'BR DTG TRAYEMAN'!E:E) -> 0
A10: 011-KPP-0705 | B10: NOSTOK | C10: 011-KPP-0705 | D10: STANG SEHER H.CB150R IMI | E10: 0 | H10: =E10+SUMIF('BR DTG TRAYEMAN'!C:C,C10,'BR DTG TRAYEMAN'!E:E) -> 0
A11: 011-KVB NPP PK | B11: NOSTOK | C11: 011-KVB NPP PK | D11: PISTON KIT H.VARIO CARBU NPP (1.25) | E11: 0 | H11: =E11+SUMIF('BR DTG TRAYEMAN'!C:C,C11,'BR DTG TRAYEMAN'!E:E) -> 0
A12: 01-C21-300-40AA | B12: NOSTOK | C12: 01-C21-300-40AA | D12: BATOK DEPAN SMASH 125 WIN | E12: 0 | H12: =E12+SUMIF('BR DTG TRAYEMAN'!C:C,C12,'BR DTG TRAYEMAN'!E:E) -> 0
A13: 01-C21-307-40AA | B13: NOSTOK | C13: 01-C21-307-40AA | D13: SLEBOR DEPAN SMASH 125 WIN | E13: 0 | H13: =E13+SUMIF('BR DTG TRAYEMAN'!C:C,C13,'BR DTG TRAYEMAN'!E:E) -> 0
A14: 01-D17-706-99AA | B14: NOSTOK | C14: 01-D17-706-99AA | D14: SWITCH REM Y.JUPITER Z IMI | E14: 0 | H14: =E14+SUMIF('BR DTG TRAYEMAN'!C:C,C14,'BR DTG TRAYEMAN'!E:E) -> 0
... A91: 1110-159NSNB | B91: NOSTOK | C91: 1110-159NSNB | D91: SUP/RUJI BELAKANG H.SUPRA X 125 ORI | E91: 0 | H91: =E91+SUMIF('BR DTG TRAYEMAN'!C:C,C91,'BR DTG TRAYEMAN'!E:E) -> 0
A92: 11103-KVB-901 | B92: NOSTOK | C92: 11103-KVB-901 | D92: KARET MONTING H.VARIO ORI | E92: 0 | F92: 11103-KVB-930 | H92: =E92+SUMIF('BR DTG TRAYEMAN'!C:C,C92,'BR DTG TRAYEMAN'!E:E) -> 0
A93: 11103-KVB-930 | B93: KARET & SELANG | C93: 11103-KVB-930 | D93: KARET MONTING H.VARIO ORI | E93: 0 | F93: 11103-KVB-930 | H93: =E93+SUMIF('BR DTG TRAYEMAN'!C:C,C93,'BR DTG TRAYEMAN'!E:E) -> 0
A94: 11108-KVB-900 | B94: NOSTOK | C94: 11108-KVB-900 | D94: PLAT KANCINGAN AS PULLY BEAT/VARIO | E94: 0 | H94: =E94+SUMIF('BR DTG TRAYEMAN'!C:C,C94,'BR DTG TRAYEMAN'!E:E) -> 0
A95: 1111-160 | B95: NOSTOK | C95: 1111-160 | D95: SUP RUJI 250-1 H.AHM | E95: 0 | H95: =E95+SUMIF('BR DTG TRAYEMAN'!C:C,C95,'BR DTG TRAYEMAN'!E:E) -> 0
A96: 1111-183 | B96: NOSTOK | C96: 1111-183 | D96: SUP/RUJI DEPAN H.SUPRA X 125 ORI | E96: 0 | H96: =E96+SUMIF('BR DTG TRAYEMAN'!C:C,C96,'BR DTG TRAYEMAN'!E:E) -> 0
A97: 11203-KVB-901 | B97: NOSTOK | C97: 11203-KVB-901 | D97: BOS SHOCK BELAKANG BAWAH H.BEAT/SCOOPY/VARIO FI ORI | E97: 0 | H97: =E97+SUMIF('BR DTG TRAYEMAN'!C:C,C97,'BR DTG TRAYEMAN'!E:E) -> 0
A98: 11210B09G10N000 | B98: NOSTOK | C98: 11210B09G10N000 | D98: BLOK + PISTON S.SMASH ORI | E98: 0 | H98: =E98+SUMIF('BR DTG TRAYEMAN'!C:C,C98,'BR DTG TRAYEMAN'!E:E) -> 0
A99: 11345-K56-N50 | B99: NOSTOK | C99: 11345-K56-N50 | D99: PERPAK MAGNET H.CB150R ORI | E99: 0 | H99: =E99+SUMIF('BR DTG TRAYEMAN'!C:C,C99,'BR DTG TRAYEMAN'!E:E) -> 0
A100: 11361-K44-V00 | B100: NOSTOK | C100: 11361-K44-V00 | D100: TUTUP POMPA OLI BEAT/SCOOPY/ESP | E100: 0 | H100: =E100+SUMIF('BR DTG TRAYEMAN'!C:C,C100,'BR DTG TRAYEMAN'!E:E) -> 0
A101: 11363-KWN-900 | B101: KARET & SELANG | C101: 11363-KWN-900 | D101: ORING MAGHNET H.VARIO 125 ORI | E101: 0 | H101: =E101+SUMIF('BR DTG TRAYEMAN'!C:C,C101,'BR DTG TRAYEMAN'!E:E) -> 0
A102: 11393-KGH-901 | B102: NOSTOK | C102: 11393-KGH-901 | D102: PERPAK KOPLING H.CB150R ORI | E102: 0 | H102: =E102+SUMIF('BR DTG TRAYEMAN'!C:C,C102,'BR DTG TRAYEMAN'!E:E) -> 0
A103: 11394-K56-V50 | B103: NOSTOK | C103: 11394-K56-V50 | D103: PERPAK KOPLING H. CBR150R ORI | E103: 0 | H103: =E103+SUMIF('BR DTG TRAYEMAN'!C:C,C103,'BR DTG TRAYEMAN'!E:E) -> 0
A104: 11395-KPH-900 | B104: NOSTOK | C104: 11395-KPH-900 | D104: PERPAK MAGNET H.KARISMA/SUPRA X 125 ORI | E104: 0 | H104: =E104+SUMIF('BR DTG TRAYEMAN'!C:C,C104,'BR DTG TRAYEMAN'!E:E) -> 0
A105: 11-6002-2RS1/C3H | B105: NOSTOK | C105: 11-6002-2RS1/C3H | D105: BEARING BALL IMI | E105: 0 | H105: =E105+SUMIF('BR DTG TRAYEMAN'!C:C,C105,'BR DTG TRAYEMAN'!E:E) -> 0
... A114: 12204-KVY-901 | B114: NOSTOK | C114: 12204-KVY-901 | D114: BOS KLEP BEAT/ SPACY | E114: 0 | H114: =E114+SUMIF('BR DTG TRAYEMAN'!C:C,C114,'BR DTG TRAYEMAN'!E:E) -> 0
A115: 12209-GB4-681 | B115: NOSTOK | C115: 12209-GB4-681 | D115: SEAL KLEP H.BEAT FI | E115: 0 | F115: 12209-GB4-682 | H115: =E115+SUMIF('BR DTG TRAYEMAN'!C:C,C115,'BR DTG TRAYEMAN'!E:E) -> 0
A116: 12209-GB4-682 | B116: MESIN | C116: 12209-GB4-682 | D116: SEAL KLEP H.SUPRA X 125 ORI | E116: 0 | F116: 12209-GB4-682 | H116: =E116+SUMIF('BR DTG TRAYEMAN'!C:C,C116,'BR DTG TRAYEMAN'!E:E) -> 0
A117: 12245-GB4-305 | B117: NOSTOK | C117: 12245-GB4-305 | D117: BOS KLEP H.SUPRA | E117: 0 | H117: =E117+SUMIF('BR DTG TRAYEMAN'!C:C,C117,'BR DTG TRAYEMAN'!E:E) -> 0
A118: 12251-GGC-901 | B118: NOSTOK | C118: 12251-GGC-901 | D118: PERPAK HEAD H.BEAT FI ORI | E118: 0 | H118: =E118+SUMIF('BR DTG TRAYEMAN'!C:C,C118,'BR DTG TRAYEMAN'!E:E) -> 0
A119: 12251-K12-901 | B119: NOSTOK | C119: 12251-K12-901 | D119: PERPAK CHTP-SILINDER HEAD | E119: 0 | F119: 12251-K12-901 | H119: =E119+SUMIF('BR DTG TRAYEMAN'!C:C,C119,'BR DTG TRAYEMAN'!E:E) -> 0
A120: 12251-K15-900 | B120: NOSTOK | C120: 12251-K15-900 | D120: PERPAK HEAD H.CB150R 13 / CBR150R 11-14 ORI | E120: 0 | H120: =E120+SUMIF('BR DTG TRAYEMAN'!C:C,C120,'BR DTG TRAYEMAN'!E:E) -> 0
A121: 12251-K1Z-J11 | B121: NOSTOK | C121: 12251-K1Z-J11 | D121: PERPAK HEAD H. PCX 160/VARIO 160/STYLO ORI | E121: 0 | H121: =E121+SUMIF('BR DTG TRAYEMAN'!C:C,C121,'BR DTG TRAYEMAN'!E:E) -> 0
A122: 12251-K56-N02 | B122: NOSTOK | C122: 12251-K56-N02 | D122: PERPAK HEAD H.CB150R/CBR ORI | E122: 0 | H122: =E122+SUMIF('BR DTG TRAYEMAN'!C:C,C122,'BR DTG TRAYEMAN'!E:E) -> 0
A123: 12251-K78-00 | B123: NOSTOK | C123: 12251-K78-00 | D123: PERPAK HEAD H.VARIO 150 | E123: 0 | H123: =E123+SUMIF('BR DTG TRAYEMAN'!C:C,C123,'BR DTG TRAYEMAN'!E:E) -> 0
A124: 12251-K97-T01 | B124: NOSTOK | C124: 12251-K97-T01 | D124: PERPAK HEAD H.VARIO 150 ORI | E124: 0 | F124: 12251-K97-T01 | H124: =E124+SUMIF('BR DTG TRAYEMAN'!C:C,C124,'BR DTG TRAYEMAN'!E:E) -> 0
A125: 12251-KVB-902 | B125: NOSTOK | C125: 12251-KVB-902 | D125: PERPAK HEAD H.VARIO ORI | E125: 0 | H125: =E125+SUMIF('BR DTG TRAYEMAN'!C:C,C125,'BR DTG TRAYEMAN'!E:E) -> 0
A126: 12251-KZR-601 | B126: NOSTOK | C126: 12251-KZR-601 | D126: PERPAK HEAD H.VARIO 125 ORI | E126: 0 | F126: 12251-K12-901 | H126: =E126+SUMIF('BR DTG TRAYEMAN'!C:C,C126,'BR DTG TRAYEMAN'!E:E) -> 0
A127: 12251-KZY-701 | B127: NOSTOK | C127: 12251-KZY-701 | D127: PERPAK HEAD H.VARIO 150 ORI | E127: 0 | H127: =E127+SUMIF('BR DTG TRAYEMAN'!C:C,C127,'BR DTG TRAYEMAN'!E:E) -> 0
A128: 12361-035-000 | B128: BAUD | C128: 12361-035-000 | D128: TUTUP KLEP GRAND AHM | E128: 1 | H128: =E128+SUMIF('BR DTG TRAYEMAN'!C:C,C128,'BR DTG TRAYEMAN'!E:E) -> 1
A129: 12361-383-000 | B129: NOSTOK | C129: 12361-383-000 | D129: CAP HOLE GL MAX MEGAPRO ADV | E129: 0 | H129: =E129+SUMIF('BR DTG TRAYEMAN'!C:C,C129,'BR DTG TRAYEMAN'!E:E) -> 0
A130: 12391-GGC-900 | B130: NOSTOK | C130: 12391-GGC-900 | D130: SEAL HEAD H.BEAT FI NON ESP ORI | E130: 0 | F130: 12391-K25-601 | H130: =E130+SUMIF('BR DTG TRAYEMAN'!C:C,C130,'BR DTG TRAYEMAN'!E:E) -> 0
A131: 12391-K1A-N01 | B131: KARET & SELANG | C131: 12391-K1A-N01 | D131: SEAL HEAD H.GENIO/BEAT FI20 ORI | E131: 0 | H131: =E131+SUMIF('BR DTG TRAYEMAN'!C:C,C131,'BR DTG TRAYEMAN'!E:E) -> 0
A132: 12391-K25-601 | B132: KARET & SELANG | C132: 12391-K25-601 | D132: SEAL HEAD H.BEAT FI ESP ORI | E132: 0 | F132: 12391-K25-601 | H132: =E132+SUMIF('BR DTG TRAYEMAN'!C:C,C132,'BR DTG TRAYEMAN'!E:E) -> 0
A133: 12391-K44-V00 | B133: NOSTOK | C133: 12391-K44-V00 | D133: SEAL HEAD H.BEAT FI ORI | E133: 0 | F133: 12391-K25-601 | H133: =E133+SUMIF('BR DTG TRAYEMAN'!C:C,C133,'BR DTG TRAYEMAN'!E:E) -> 0
A134: 12391-K66-V01 | B134: KARET & SELANG | C134: 12391-K66-V01 | D134: SEAL HEAD H.VARIO 125 NEW ESP ORI | E134: 0 | H134: =E134+SUMIF('BR DTG TRAYEMAN'!C:C,C134,'BR DTG TRAYEMAN'!E:E) -> 0
A135: 12391-KRM-840 | B135: NOSTOK | C135: 12391-KRM-840 | D135: SEAL HEAD H. MEGAPRO ORI | E135: 0 | H135: =E135+SUMIF('BR DTG TRAYEMAN'!C:C,C135,'BR DTG TRAYEMAN'!E:E) -> 0
A136: 12391-KVB-900 | B136: NOSTOK | C136: 12391-KVB-900 | D136: SEAL HEAD H.VARIO CARBU ORI | E136: 0 | H136: =E136+SUMIF('BR DTG TRAYEMAN'!C:C,C136,'BR DTG TRAYEMAN'!E:E) -> 0
A137: 12391-KVY-900 | B137: NOSTOK | C137: 12391-KVY-900 | D137: SEAL HEAD H.BEAT CARBU ORI | E137: 0 | F137: 12391-KZL-A00 | H137: =E137+SUMIF('BR DTG TRAYEMAN'!C:C,C137,'BR DTG TRAYEMAN'!E:E) -> 0
A138: 12391-KWW-A80 | B138: NOSTOK | C138: 12391-KWW-A80 | D138: SEAL HEAD H.REVO 110 ORI | E138: 0 | H138: =E138+SUMIF('BR DTG TRAYEMAN'!C:C,C138,'BR DTG TRAYEMAN'!E:E) -> 0
A139: 12391-KZL-A00 | B139: NOSTOK | C139: 12391-KZL-A00 | D139: SEAL HEAD H.BEAT CARBU ORI | E139: 0 | F139: 12391-KZL-A00 | H139: =E139+SUMIF('BR DTG TRAYEMAN'!C:C,C139,'BR DTG TRAYEMAN'!E:E) -> 0
A140: 12391-KZR-600 | B140: KARET & SELANG | C140: 12391-KZR-600 | D140: SEAL HEAD H.VARIO 125 ORI | E140: 1 | H140: =E140+SUMIF('BR DTG TRAYEMAN'!C:C,C140,'BR DTG TRAYEMAN'!E:E) -> 1
A141: 12760B09G11N000 | B141: NOSTOK | C141: 12760B09G11N000 | D141: RANTE KETENG SMASH SGP | E141: 0 | H141: =E141+SUMIF('BR DTG TRAYEMAN'!C:C,C141,'BR DTG TRAYEMAN'!E:E) -> 0
A142: 12840-20G20-000 | B142: NOSTOK | C142: 12840-20G20-000 | D142: TEMPLAR SMASH 110 NEW | E142: 0 | H142: =E142+SUMIF('BR DTG TRAYEMAN'!C:C,C142,'BR DTG TRAYEMAN'!E:E) -> 0
A143: 130/70-13 | B143: NOSTOK | C143: 130/70-13 | D143: BAN TUBLES 130/70-13 FDR | E143: 0 | H143: =E143+SUMIF('BR DTG TRAYEMAN'!C:C,C143,'BR DTG TRAYEMAN'!E:E) -> 0
A144: 130/70-13-63SP | B144: NOSTOK | C144: 130/70-13-63SP | D144: BAN TUBLES 130/70-13 IRC | E144: 0 | H144: =E144+SUMIF('BR DTG TRAYEMAN'!C:C,C144,'BR DTG TRAYEMAN'!E:E) -> 0
A145: 13000-K0J-N00 | B145: NOSTOK | C145: 13000-K0J-N00 | D145: KRUK AS H.GENIO/BEAT ESAF/SCOOPY ESAF ORI | E145: 0 | H145: =E145+SUMIF('BR DTG TRAYEMAN'!C:C,C145,'BR DTG TRAYEMAN'!E:E) -> 0
A146: 1300A-K15-900 | B146: NOSTOK | C146: 1300A-K15-900 | D146: KRUK AS CB 150 R13 / CB 150 R14 | E146: 0 | H146: =E146+SUMIF('BR DTG TRAYEMAN'!C:C,C146,'BR DTG TRAYEMAN'!E:E) -> 0
A147: 1300A-K59-A10 | B147: NOSTOK | C147: 1300A-K59-A10 | D147: KRUK AS H.VARIO 125 LED/150 ORI | E147: 0 | H147: =E147+SUMIF('BR DTG TRAYEMAN'!C:C,C147,'BR DTG TRAYEMAN'!E:E) -> 0
A148: 1300A-KVY-960 | B148: NOSTOK | C148: 1300A-KVY-960 | D148: KRUK AS H.BEAT CARBU ORI | E148: 0 | H148: =E148+SUMIF('BR DTG TRAYEMAN'!C:C,C148,'BR DTG TRAYEMAN'!E:E) -> 0
A149: 1300A-KZL-L30 | B149: NOSTOK | C149: 1300A-KZL-L30 | D149: KRUK AS H.BEAT FI ORI | E149: 0 | H149: =E149+SUMIF('BR DTG TRAYEMAN'!C:C,C149,'BR DTG TRAYEMAN'!E:E) -> 0
A150: 13011-K44-V00 | B150: NOSTOK | C150: 13011-K44-V00 | D150: RING SEHER STD H.BEAT ESP ORI | E150: 0 | H150: =E150+SUMIF('BR DTG TRAYEMAN'!C:C,C150,'BR DTG TRAYEMAN'!E:E) -> 0
A151: 13011-K81-N00 | B151: NOSTOK | C151: 13011-K81-N00 | D151: RING SEHER H.BEAT ORI | E151: 0 | H151: =E151+SUMIF('BR DTG TRAYEMAN'!C:C,C151,'BR DTG TRAYEMAN'!E:E) -> 0
... A282: 16450-K59-A71 | B282: NOSTOK | C282: 16450-K59-A71 | D282: INJEKTOR H.VARIO 150 ORI | E282: 0 | H282: =E282+SUMIF('BR DTG TRAYEMAN'!C:C,C282,'BR DTG TRAYEMAN'!E:E) -> 0
A283: 16450-KZR-601 | B283: KELISTRIKAN. STATER/ENGKOL | C283: 16450-KZR-601 | D283: INJEKTOR H.VARIO 125 ORI (16450-KZR-B21) | E283: 1 | F283: 16450-KZR-601 | H283: =E283+SUMIF('BR DTG TRAYEMAN'!C:C,C283,'BR DTG TRAYEMAN'!E:E) -> 1
A284: 16450-KZR-B21 | B284: NOSTOK | C284: 16450-KZR-B21 | D284: INJEKTOR H.VARIO 125 ORI | E284: 0 | F284: 16450-KZR-601 | H284: =E284+SUMIF('BR DTG TRAYEMAN'!C:C,C284,'BR DTG TRAYEMAN'!E:E) -> 0
A285: 16472-KPC-D50 | B285: NOSTOK | C285: 16472-KPC-D50 | D285: RING SEAL / ORING INJEKTOR BAWAH | E285: 0 | H285: =E285+SUMIF('BR DTG TRAYEMAN'!C:C,C285,'BR DTG TRAYEMAN'!E:E) -> 0
A286: 16480-KVB-S51 | B286: NOSTOK | C286: 16480-KVB-S51 | D286: SELENOID SET | E286: 0 | H286: =E286+SUMIF('BR DTG TRAYEMAN'!C:C,C286,'BR DTG TRAYEMAN'!E:E) -> 0
A287: 16700-K0J-N01 | B287: NOSTOK | C287: 16700-K0J-N01 | D287: FUEL PUMP ASSY H.GENIO | E287: 0 | H287: =E287+SUMIF('BR DTG TRAYEMAN'!C:C,C287,'BR DTG TRAYEMAN'!E:E) -> 0
A288: 16700-K16-305 | B288: NOSTOK | C288: 16700-K16-305 | D288: FUEL PUMP ASSY H.SCOOPY NON ESP ORI | E288: 0 | H288: =E288+SUMIF('BR DTG TRAYEMAN'!C:C,C288,'BR DTG TRAYEMAN'!E:E) -> 0
A289: 16700-K2F-N01 | B289: NOSTOK | C289: 16700-K2F-N01 | D289: FUEL PUMP ASSY H.SCOOPY ORI | E289: 0 | H289: =E289+SUMIF('BR DTG TRAYEMAN'!C:C,C289,'BR DTG TRAYEMAN'!E:E) -> 0
A290: 16700-K46-N02 | B290: NOSTOK | C290: 16700-K46-N02 | D290: FUEL PUMP ASSY H.SCOOPY FI ESP 2015 ORI | E290: 0 | H290: =E290+SUMIF('BR DTG TRAYEMAN'!C:C,C290,'BR DTG TRAYEMAN'!E:E) -> 0
A291: 16700-K81-N01 | B291: NOSTOK | C291: 16700-K81-N01 | D291: FUEL PUMP ASSY H.BEAT FI 2018 ORI | E291: 0 | H291: =E291+SUMIF('BR DTG TRAYEMAN'!C:C,C291,'BR DTG TRAYEMAN'!E:E) -> 0
A292: 16700-KZR-305 | B292: NOSTOK | C292: 16700-KZR-305 | D292: FUEL PUMP ASSY H.VARIO 125 ORI | E292: 0 | H292: =E292+SUMIF('BR DTG TRAYEMAN'!C:C,C292,'BR DTG TRAYEMAN'!E:E) -> 0
A293: 16700-KZR-C02 | B293: NOSTOK | C293: 16700-KZR-C02 | D293: FUEL PUMP ASSY H.VARIO 125 ORI | E293: 0 | H293: =E293+SUMIF('BR DTG TRAYEMAN'!C:C,C293,'BR DTG TRAYEMAN'!E:E) -> 0
A294: 16707-GGZ-J01 | B294: FILTER | C294: 16707-GGZ-J01 | D294: FILTER FUEL PUMP / FILTER FP H.VARIO 150/REVO FI ORI | E294: 0 | H294: =E294+SUMIF('BR DTG TRAYEMAN'!C:C,C294,'BR DTG TRAYEMAN'!E:E) -> 0
A295: 16707-K12-901 | B295: FILTER | C295: 16707-K12-901 | D295: FILTER SET H.PCX | E295: 0 | H295: =E295+SUMIF('BR DTG TRAYEMAN'!C:C,C295,'BR DTG TRAYEMAN'!E:E) -> 0
A296: 16707-K45-N01 | B296: NOSTOK | C296: 16707-K45-N01 | D296: FILTER FUEL PUMP H.CB150R/CBR ORI | E296: 0 | H296: =E296+SUMIF('BR DTG TRAYEMAN'!C:C,C296,'BR DTG TRAYEMAN'!E:E) -> 0
... A302: 17210-K03-N30 | B302: NOSTOK | C302: 17210-K03-N30 | D302: FILTER UDARA H.REVO FIT FI ORI | E302: 0 | H302: =E302+SUMIF('BR DTG TRAYEMAN'!C:C,C302,'BR DTG TRAYEMAN'!E:E) -> 0
A303: 17210-K0J-N00 | B303: FILTER | C303: 17210-K0J-N00 | D303: FILTER UDARA H.GENIO ORI | E303: 1 | F303: 17210-K0J-N00 | H303: =E303+SUMIF('BR DTG TRAYEMAN'!C:C,C303,'BR DTG TRAYEMAN'!E:E) -> 1
A304: 17210-K16-900 | B304: FILTER | C304: 17210-K16-900 | D304: FILTER UDARA H.BEAT FI ORI | E304: 1 | H304: =E304+SUMIF('BR DTG TRAYEMAN'!C:C,C304,'BR DTG TRAYEMAN'!E:E) -> 1
A305: 17210-K1Z-N20 | B305: FILTER | C305: 17210-K1Z-N20 | D305: FILTER UDARA H.PCX 21 | E305: 0 | H305: =E305+SUMIF('BR DTG TRAYEMAN'!C:C,C305,'BR DTG TRAYEMAN'!E:E) -> 0
A306: 17210-K46-N20 | B306: NOSTOK | C306: 17210-K46-N20 | D306: FILTER UDARA H.BEAT FI AHM | E306: 0 | H306: =E306+SUMIF('BR DTG TRAYEMAN'!C:C,C306,'BR DTG TRAYEMAN'!E:E) -> 0
A307: 17210-K59-A70 | B307: FILTER | C307: 17210-K59-A70 | D307: FILTER UDARA H.VARIO 150 LED ESP ORI | E307: 1 | H307: =E307+SUMIF('BR DTG TRAYEMAN'!C:C,C307,'BR DTG TRAYEMAN'!E:E) -> 1
A308: 17210-K97-N00 | B308: FILTER | C308: 17210-K97-N00 | D308: FILTER UDARA H.PCX/ADV ORI | E308: 0 | H308: =E308+SUMIF('BR DTG TRAYEMAN'!C:C,C308,'BR DTG TRAYEMAN'!E:E) -> 0
A309: 17210-KPH-900 | B309: NOSTOK | C309: 17210-KPH-900 | D309: FILTER UDARA H.SUPRA X 125 ORI | E309: 0 | H309: =E309+SUMIF('BR DTG TRAYEMAN'!C:C,C309,'BR DTG TRAYEMAN'!E:E) -> 0
A310: 17210-KVB-930 | B310: FILTER | C310: 17210-KVB-930 | D310: FILTER UDARA H.VARIO 110 ORI | E310: 0 | H310: =E310+SUMIF('BR DTG TRAYEMAN'!C:C,C310,'BR DTG TRAYEMAN'!E:E) -> 0
A311: 17210-KVY-960 | B311: FILTER | C311: 17210-KVY-960 | D311: FILTER UDARA H.BEAT ORI | E311: 0 | H311: =E311+SUMIF('BR DTG TRAYEMAN'!C:C,C311,'BR DTG TRAYEMAN'!E:E) -> 0
A312: 17210-KWB-920 | B312: NOSTOK | C312: 17210-KWB-920 | D312: FILTER UDARA H.REVO 110 | E312: 0 | H312: =E312+SUMIF('BR DTG TRAYEMAN'!C:C,C312,'BR DTG TRAYEMAN'!E:E) -> 0
A313: 17210-KWBF-9200 | B313: NOSTOK | C313: 17210-KWBF-9200 | D313: FILTER UDARA H.REVO 110 KEH | E313: 0 | H313: =E313+SUMIF('BR DTG TRAYEMAN'!C:C,C313,'BR DTG TRAYEMAN'!E:E) -> 0
A314: 17210-KYZ-900 | B314: NOSTOK | C314: 17210-KYZ-900 | D314: FILTER UDARA H.SUPRA X 125 FI AHM | E314: 0 | H314: =E314+SUMIF('BR DTG TRAYEMAN'!C:C,C314,'BR DTG TRAYEMAN'!E:E) -> 0
A315: 17210-KZL-A00 | B315: FILTER | C315: 17210-KZL-A00 | D315: FILTER UDARA H.SPACY | E315: 0 | H315: =E315+SUMIF('BR DTG TRAYEMAN'!C:C,C315,'BR DTG TRAYEMAN'!E:E) -> 0
A316: 17210-KZR-600 | B316: NOSTOK | C316: 17210-KZR-600 | D316: FILTER UDARA H.VARIO 125 FI ORI (17220-KZR-600) | E316: 0 | F316: 17220-KZR-600 | H316: =E316+SUMIF('BR DTG TRAYEMAN'!C:C,C316,'BR DTG TRAYEMAN'!E:E) -> 0
A317: 17220-KZR-600 | B317: FILTER | C317: 17220-KZR-600 | D317: FILTER UDARA H.VARIO 125 FI ORI | E317: 0 | F317: 17220-KZR-600 | H317: =E317+SUMIF('BR DTG TRAYEMAN'!C:C,C317,'BR DTG TRAYEMAN'!E:E) -> 0
A318: 17245-K59- A70 | B318: NOSTOK | C318: 17245-K59- A70 | D318: TUTUP FILTER UDARA H. VARIO 125 ORI | E318: 0 | H318: =E318+SUMIF('BR DTG TRAYEMAN'!C:C,C318,'BR DTG TRAYEMAN'!E:E) -> 0
A319: 17528-K16-901 | B319: NOSTOK | C319: 17528-K16-901 | D319: SELANG BENSIN INJEKSI | E319: 0 | H319: =E319+SUMIF('BR DTG TRAYEMAN'!C:C,C319,'BR DTG TRAYEMAN'!E:E) -> 0
...

Sheet FR_HITUNG_MINMAX
A1: NoItem | B1: NamaItem | C1: RakBarang | D1: Jenis | E1: STATUS | F1: HargaPokok | G1: StokMin | H1: Supplier | I1: Supplier2 | J1: Supplier3 | K1: HJQtyS1 | L1: W1 | M1: W2 | N1: W3 | O1: W4 | P1: W5 | Q1: W6 | R1: W7 | S1: W8 | T1: W9 | U1: W10 | V1: W11 | W1: W12 | X1: MAX_1W | Y1: 2W1 | Z1: 2W2 | AA1: 2W3 | AB1: 2W4 | AC1: 2W5 | AD1: 2W6 | AE1: 2W7 | AF1: 2W8 | AG1: 2W9 | AH1: 2W10 | AI1: 2W11 | AJ1: 2W12 | AK1: MAX_2W | AL1: MIN_STOK | AM1: MAX_STOK | AN1: STS | AO1: Quantity | AP1: BR DTG | AQ1: SO+BR DTG | AR1: STOK | AS1: JUAL 3 HARI | AT1: CEK JML ITEM
A2: 06141-KWB-505 | B2: RANTE KETENG SET REVO 110 ABSOLUTE | C2: NOSTOK | D2: ORISIN | E2: D | F2: 56500 | G2: 1 | H2: GSM | J2: 1 | K2: 1 | L2: 1 | M2: 0 | N2: 0 | O2: 0 | P2: 0 | Q2: 0 | R2: 0 | S2: 0 | T2: 0 | U2: 0 | V2: 0 | W2: 0 | X2: 1 | Y2: 1 | Z2: 0 | AA2: 0 | AB2: 0 | AC2: 0 | AD2: 0 | AE2: 0 | AF2: 0 | AG2: 0 | AH2: 0 | AI2: 0 | AJ2: 1 | AK2: 1 | AL2: 0 | AM2: 0 | AN2: PACUL | AO2: 0 | AP2: =IFERROR(IF(AN2="CIKDITIRO",VLOOKUP(A2,'BR DTG CIKDITIRO'!C:E,3,0),IF(FR_HITUNG_MINMAX!AN2="PESALAKAN",VLOOKUP(FR_HITUNG_MINMAX!A2,'BR DTG ADW'!C:E,3,0),IF(FR_HITUNG_MINMAX!AN2="PACUL",VLOOKUP(FR_HITUNG_MINMAX!A2,'BR DTG PACUL'!C:E,3,0),IF(FR_HITUNG_MINMAX!AN2="TRAYEMAN",VLOOKUP(FR_HITUNG_MINMAX!A2,'BR DTG TRAYEMAN'!C:E,3,0),"?")))),0) -> 0 | AQ2: =IF(AN2="PACUL",VLOOKUP(A2,'STOK PACUL'!C:H,6,0),IF(FR_HITUNG_MINMAX!AN2="PESALAKAN",VLOOKUP(FR_HITUNG_MINMAX!A2,'STOK PESALAKAN'!C:H,6,0),IF(FR_HITUNG_MINMAX!AN2="CIKDITIRO",VLOOKUP(FR_HITUNG_MINMAX!A2,'STOK CIKDITIRO'!C:H,6,0),IF(FR_HITUNG_MINMAX!AN2="TRAYEMAN",VLOOKUP(FR_HITUNG_MINMAX!A2,'STOK TRAYEMAN'!C:H,6,0),"?")))) -> 0 | AR2: =IFERROR(AQ2,AO2+AP2) -> 0 | AS2: =ROUNDUP(AL2/2,0) -> 0 | AT2: =COUNTIF(A:A,A2) -> 1 | AU2: Kolom G (stokmin), kolom J (supplier3) dan kolom K (HJQtyS1) yang kosong diisi angka 1
A3: 06381-KZL-A00 | B3: STANG SEHER H.BEAT FI AHM | C3: NOSTOK | D3: ORISIN | E3: D | F3: 168000 | G3: 1 | H3: GSM | J3: 1 | K3: 1 | L3: 0 | M3: 0 | N3: 0 | O3: 0 | P3: 0 | Q3: 0 | R3: 1 | S3: 0 | T3: 0 | U3: 0 | V3: 0 | W3: 0 | X3: 1 | Y3: 0 | Z3: 0 | AA3: 0 | AB3: 0 | AC3: 0 | AD3: 1 | AE3: 1 | AF3: 0 | AG3: 0 | AH3: 0 | AI3: 0 | AJ3: 0 | AK3: 1 | AL3: 0 | AM3: 0 | AN3: PACUL | AO3: 0 | AP3: =IFERROR(IF(AN3="CIKDITIRO",VLOOKUP(A3,'BR DTG CIKDITIRO'!C:E,3,0),IF(FR_HITUNG_MINMAX!AN3="PESALAKAN",VLOOKUP(FR_HITUNG_MINMAX!A3,'BR DTG ADW'!C:E,3,0),IF(FR_HITUNG_MINMAX!AN3="PACUL",VLOOKUP(FR_HITUNG_MINMAX!A3,'BR DTG PACUL'!C:E,3,0),IF(FR_HITUNG_MINMAX!AN3="TRAYEMAN",VLOOKUP(FR_HITUNG_MINMAX!A3,'BR DTG TRAYEMAN'!C:E,3,0),"?")))),0) -> 0 | AQ3: =IF(AN3="PACUL",VLOOKUP(A3,'STOK PACUL'!C:H,6,0),IF(FR_HITUNG_MINMAX!AN3="PESALAKAN",VLOOKUP(FR_HITUNG_MINMAX!A3,'STOK PESALAKAN'!C:H,6,0),IF(FR_HITUNG_MINMAX!AN3="CIKDITIRO",VLOOKUP(FR_HITUNG_MINMAX!A3,'STOK CIKDITIRO'!C:H,6,0),IF(FR_HITUNG_MINMAX!AN3="TRAYEMAN",VLOOKUP(FR_HITUNG_MINMAX!A3,'STOK TRAYEMAN'!C:H,6,0),"?")))) -> 0 | AR3: =IFERROR(AQ3,AO3+AP3) -> 0 | AS3: =ROUNDUP(AL3/2,0) -> 0 | AT3: =COUNTIF(A:A,A3) -> 1
A4: 06381-KZR-600 | B4: SETANG SEHER H.VARIO 125 ORI | C4: NOSTOK | D4: ORISIN | E4: D | F4: 162500 | G4: 1 | H4: NJM | I4: NSA | J4: 1 | K4: 1 | L4: 0 | M4: 0 | N4: 0 | O4: 1 | P4: 0 | Q4: 0 | R4: 0 | S4: 0 | T4: 0 | U4: 0 | V4: 0 | W4: 0 | X4: 1 | Y4: 0 | Z4: 0 | AA4: 1 | AB4: 1 | AC4: 0 | AD4: 0 | AE4: 0 | AF4: 0 | AG4: 0 | AH4: 0 | AI4: 0 | AJ4: 0 | AK4: 1 | AL4: 0 | AM4: 0 | AN4: PACUL | AO4: 0 | AP4: =IFERROR(IF(AN4="CIKDITIRO",VLOOKUP(A4,'BR DTG CIKDITIRO'!C:E,3,0),IF(FR_HITUNG_MINMAX!AN4="PESALAKAN",VLOOKUP(FR_HITUNG_MINMAX!A4,'BR DTG ADW'!C:E,3,0),IF(FR_HITUNG_MINMAX!AN4="PACUL",VLOOKUP(FR_HITUNG_MINMAX!A4,'BR DTG PACUL'!C:E,3,0),IF(FR_HITUNG_MINMAX!AN4="TRAYEMAN",VLOOKUP(FR_HITUNG_MINMAX!A4,'BR DTG TRAYEMAN'!C:E,3,0),"?")))),0) -> 0 | AQ4: =IF(AN4="PACUL",VLOOKUP(A4,'STOK PACUL'!C:H,6,0),IF(FR_HITUNG_MINMAX!AN4="PESALAKAN",VLOOKUP(FR_HITUNG_MINMAX!A4,'STOK PESALAKAN'!C:H,6,0),IF(FR_HITUNG_MINMAX!AN4="CIKDITIRO",VLOOKUP(FR_HITUNG_MINMAX!A4,'STOK CIKDITIRO'!C:H,6,0),IF(FR_HITUNG_MINMAX!AN4="TRAYEMAN",VLOOKUP(FR_HITUNG_MINMAX!A4,'STOK TRAYEMAN'!C:H,6,0),"?")))) -> 0 | AR4: =IFERROR(AQ4,AO4+AP4) -> 0 | AS4: =ROUNDUP(AL4/2,0) -> 0 | AT4: =COUNTIF(A:A,A4) -> 3 | AU4: =COUNTIF(AT:AT,"1") -> 420
A5: 06401-KPH-881 | B5: GIR SET H.KARISMA/SUPRA X 125 ORI | C5: RODA | D5: ORISIN | E5: D | F5: 185000 | G5: 1 | H5: GSM | I5: NSA | J5: 1 | K5: 1 | L5: 0 | M5: 1 | N5: 0 | O5: 1 | P5: 1 | Q5: 0 | R5: 0 | S5: 0 | T5: 0 | U5: 0 | V5: 0 | W5: 0 | X5: 1 | Y5: 1 | Z5: 1 | AA5: 1 | AB5: 2 | AC5: 1 | AD5: 0 | AE5: 0 | AF5: 0 | AG5: 0 | AH5: 0 | AI5: 0 | AJ5: 0 | AK5: 2 | AL5: 1 | AM5: 2 | AN5: PACUL | AO5: 2 | AP5: =IFERROR(IF(AN5="CIKDITIRO",VLOOKUP(A5,'BR DTG CIKDITIRO'!C:E,3,0),IF(FR_HITUNG_MINMAX!AN5="PESALAKAN",VLOOKUP(FR_HITUNG_MINMAX!A5,'BR DTG ADW'!C:E,3,0),IF(FR_HITUNG_MINMAX!AN5="PACUL",VLOOKUP(FR_HITUNG_MINMAX!A5,'BR DTG PACUL'!C:E,3,0),IF(FR_HITUNG_MINMAX!AN5="TRAYEMAN",VLOOKUP(FR_HITUNG_MINMAX!A5,'BR DTG TRAYEMAN'!C:E,3,0),"?")))),0) -> 0 | AQ5: =IF(AN5="PACUL",VLOOKUP(A5,'STOK PACUL'!C:H,6,0),IF(FR_HITUNG_MINMAX!AN5="PESALAKAN",VLOOKUP(FR_HITUNG_MINMAX!A5,'STOK PESALAKAN'!C:H,6,0),IF(FR_HITUNG_MINMAX!AN5="CIKDITIRO",VLOOKUP(FR_HITUNG_MINMAX!A5,'STOK CIKDITIRO'!C:H,6,0),IF(FR_HITUNG_MINMAX!AN5="TRAYEMAN",VLOOKUP(FR_HITUNG_MINMAX!A5,'STOK TRAYEMAN'!C:H,6,0),"?")))) -> 2 | AR5: =IFERROR(AQ5,AO5+AP5) -> 2 | AS5: =ROUNDUP(AL5/2,0) -> 1 | AT5: =COUNTIF(A:A,A5) -> 2 | AU5: =COUNTIF(AT:AT,"2")/2 -> 111
A6: 06401-KTL-700 | B6: GIR SET H.SUPRA FIT NEW/REVO 100CC ORI | C6: NOSTOK | D6: ORISIN | E6: D | F6: 211000 | G6: 1 | H6: GSM | I6: NSA | J6: 1 | K6: 1 | L6: 0 | M6: 0 | N6: 0 | O6: 0 | P6: 0 | Q6: 0 | R6: 0 | S6: 0 | T6: 0 | U6: 0 | V6: 0 | W6: 1 | X6: 1 | Y6: 0 | Z6: 0 | AA6: 0 | AB6: 0 | AC6: 0 | AD6: 0 | AE6: 0 | AF6: 0 | AG6: 0 | AH6: 0 | AI6: 1 | AJ6: 1 | AK6: 1 | AL6: 0 | AM6: 0 | AN6: PACUL | AO6: 0 | AP6: =IFERROR(IF(AN6="CIKDITIRO",VLOOKUP(A6,'BR DTG CIKDITIRO'!C:E,3,0),IF(FR_HITUNG_MINMAX!AN6="PESALAKAN",VLOOKUP(FR_HITUNG_MINMAX!A6,'BR DTG ADW'!C:E,3,0),IF(FR_HITUNG_MINMAX!AN6="PACUL",VLOOKUP(FR_HITUNG_MINMAX!A6,'BR DTG PACUL'!C:E,3,0),IF(FR_HITUNG_MINMAX!AN6="TRAYEMAN",VLOOKUP(FR_HITUNG_MINMAX!A6,'BR DTG TRAYEMAN'!C:E,3,0),"?")))),0) -> 0 | AQ6: =IF(AN6="PACUL",VLOOKUP(A6,'STOK PACUL'!C:H,6,0),IF(FR_HITUNG_MINMAX!AN6="PESALAKAN",VLOOKUP(FR_HITUNG_MINMAX!A6,'STOK PESALAKAN'!C:H,6,0),IF(FR_HITUNG_MINMAX!AN6="CIKDITIRO",VLOOKUP(FR_HITUNG_MINMAX!A6,'STOK CIKDITIRO'!C:H,6,0),IF(FR_HITUNG_MINMAX!AN6="TRAYEMAN",VLOOKUP(FR_HITUNG_MINMAX!A6,'STOK TRAYEMAN'!C:H,6,0),"?")))) -> 0 | AR6: =IFERROR(AQ6,AO6+AP6) -> 0 | AS6: =ROUNDUP(AL6/2,0) -> 0 | AT6: =COUNTIF(A:A,A6) -> 1 | AU6: =COUNTIF(AT:AT,"3")/3 -> 143
A7: 06401-KWW-900 | B7: GIR SET H.NEW REVO 110 / BLADE NEW ORI | C7: RODA | D7: ORISIN | E7: D | F7: 186000 | G7: 1 | H7: GSM | I7: NSA | J7: 1 | K7: 1 | L7: 0 | M7: 0 | N7: 0 | O7: 0 | P7: 0 | Q7: 0 | R7: 0 | S7: 0 | T7: 0 | U7: 1 | V7: 0 | W7: 0 | X7: 1 | Y7: 0 | Z7: 0 | AA7: 0 | AB7: 0 | AC7: 0 | AD7: 0 | AE7: 0 | AF7: 0 | AG7: 1 | AH7: 1 | AI7: 0 | AJ7: 0 | AK7: 1 | AL7: 1 | AM7: 1 | AN7: PACUL | AO7: 1 | AP7: =IFERROR(IF(AN7="CIKDITIRO",VLOOKUP(A7,'BR DTG CIKDITIRO'!C:E,3,0),IF(FR_HITUNG_MINMAX!AN7="PESALAKAN",VLOOKUP(FR_HITUNG_MINMAX!A7,'BR DTG ADW'!C:E,3,0),IF(FR_HITUNG_MINMAX!AN7="PACUL",VLOOKUP(FR_HITUNG_MINMAX!A7,'BR DTG PACUL'!C:E,3,0),IF(FR_HITUNG_MINMAX!AN7="TRAYEMAN",VLOOKUP(FR_HITUNG_MINMAX!A7,'BR DTG TRAYEMAN'!C:E,3,0),"?")))),0) -> 0 | AQ7: =IF(AN7="PACUL",VLOOKUP(A7,'STOK PACUL'!C:H,6,0),IF(FR_HITUNG_MINMAX!AN7="PESALAKAN",VLOOKUP(FR_HITUNG_MINMAX!A7,'STOK PESALAKAN'!C:H,6,0),IF(FR_HITUNG_MINMAX!AN7="CIKDITIRO",VLOOKUP(FR_HITUNG_MINMAX!A7,'STOK CIKDITIRO'!C:H,6,0),IF(FR_HITUNG_MINMAX!AN7="TRAYEMAN",VLOOKUP(FR_HITUNG_MINMAX!A7,'STOK TRAYEMAN'!C:H,6,0),"?")))) -> 1 | AR7: =IFERROR(AQ7,AO7+AP7) -> 1 | AS7: =ROUNDUP(AL7/2,0) -> 1 | AT7: =COUNTIF(A:A,A7) -> 2 | AU7: =COUNTIF(AT:AT,"4")/4 -> 101
A8: 06455-K59-A71 | B8: DISC PAD H.VARIO 125 NEW ESP ORI | C8: REM | D8: ORISIN | E8: D | F8: 81500 | G8: 1 | H8: NSA | I8: NSA | J8: 1 | K8: 1 | L8: 1 | M8: 0 | N8: 0 | O8: 0 | P8: 1 | Q8: 0 | R8: 0 | S8: 0 | T8: 0 | U8: 0 | V8: 0 | W8: 0 | X8: 1 | Y8: 1 | Z8: 0 | AA8: 0 | AB8: 1 | AC8: 1 | AD8: 0 | AE8: 0 | AF8: 0 | AG8: 0 | AH8: 0 | AI8: 0 | AJ8: 1 | AK8: 1 | AL8: 1 | AM8: 1 | AN8: PACUL | AO8: 0 | AP8: =IFERROR(IF(AN8="CIKDITIRO",VLOOKUP(A8,'BR DTG CIKDITIRO'!C:E,3,0),IF(FR_HITUNG_MINMAX!AN8="PESALAKAN",VLOOKUP(FR_HITUNG_MINMAX!A8,'BR DTG ADW'!C:E,3,0),IF(FR_HITUNG_MINMAX!AN8="PACUL",VLOOKUP(FR_HITUNG_MINMAX!A8,'BR DTG PACUL'!C:E,3,0),IF(FR_HITUNG_MINMAX!AN8="TRAYEMAN",VLOOKUP(FR_HITUNG_MINMAX!A8,'BR DTG TRAYEMAN'!C:E,3,0),"?")))),0) -> 0 | AQ8: =IF(AN8="PACUL",VLOOKUP(A8,'STOK PACUL'!C:H,6,0),IF(FR_HITUNG_MINMAX!AN8="PESALAKAN",VLOOKUP(FR_HITUNG_MINMAX!A8,'STOK PESALAKAN'!C:H,6,0),IF(FR_HITUNG_MINMAX!AN8="CIKDITIRO",VLOOKUP(FR_HITUNG_MINMAX!A8,'STOK CIKDITIRO'!C:H,6,0),IF(FR_HITUNG_MINMAX!AN8="TRAYEMAN",VLOOKUP(FR_HITUNG_MINMAX!A8,'STOK TRAYEMAN'!C:H,6,0),"?")))) -> 0 | AR8: =IFERROR(AQ8,AO8+AP8) -> 0 | AS8: =ROUNDUP(AL8/2,0) -> 1 | AT8: =COUNTIF(A:A,A8) -> 1 | AU8: =SUM(AU4:AU7) -> 775
A9: 06455-KR3-404 | B9: DISC PAD H.SUPRA X ORI | C9: REM | D9: ORISIN | E9: D | F9: 47500 | G9: 1 | H9: GSM | I9: NSA | J9: 3 | K9: 1 | L9: 0 | M9: 0 | N9: 0 | O9: 0 | P9: 0 | Q9: 0 | R9: 0 | S9: 0 | T9: 0 | U9: 0 | V9: 0 | W9: 1 | X9: 1 | Y9: 0 | Z9: 0 | AA9: 0 | AB9: 0 | AC9: 0 | AD9: 0 | AE9: 0 | AF9: 0 | AG9: 0 | AH9: 0 | AI9: 1 | AJ9: 1 | AK9: 1 | AL9: 1 | AM9: 1 | AN9: PACUL | AO9: 1 | AP9: =IFERROR(IF(AN9="CIKDITIRO",VLOOKUP(A9,'BR DTG CIKDITIRO'!C:E,3,0),IF(FR_HITUNG_MINMAX!AN9="PESALAKAN",VLOOKUP(FR_HITUNG_MINMAX!A9,'BR DTG ADW'!C:E,3,0),IF(FR_HITUNG_MINMAX!AN9="PACUL",VLOOKUP(FR_HITUNG_MINMAX!A9,'BR DTG PACUL'!C:E,3,0),IF(FR_HITUNG_MINMAX!AN9="TRAYEMAN",VLOOKUP(FR_HITUNG_MINMAX!A9,'BR DTG TRAYEMAN'!C:E,3,0),"?")))),0) -> 0 | AQ9: =IF(AN9="PACUL",VLOOKUP(A9,'STOK PACUL'!C:H,6,0),IF(FR_HITUNG_MINMAX!AN9="PESALAKAN",VLOOKUP(FR_HITUNG_MINMAX!A9,'STOK PESALAKAN'!C:H,6,0),IF(FR_HITUNG_MINMAX!AN9="CIKDITIRO",VLOOKUP(FR_HITUNG_MINMAX!A9,'STOK CIKDITIRO'!C:H,6,0),IF(FR_HITUNG_MINMAX!AN9="TRAYEMAN",VLOOKUP(FR_HITUNG_MINMAX!A9,'STOK TRAYEMAN'!C:H,6,0),"?")))) -> 1 | AR9: =IFERROR(AQ9,AO9+AP9) -> 1 | AS9: =ROUNDUP(AL9/2,0) -> 1 | AT9: =COUNTIF(A:A,A9) -> 3
A10: 06455-KVB-T01 | B10: DISC PAD H.VARIO TECHNO ORI | C10: REM | D10: ORISIN | E10: A | F10: 56000 | G10: 1 | H10: GSM | I10: NSA | J10: 3 | K10: 1 | L10: 3 | M10: 4 | N10: 1 | O10: 2 | P10: 5 | Q10: 3 | R10: 2 | S10: 3 | T10: 1 | U10: 2 | V10: 1 | W10: 0 | X10: 5 | Y10: 7 | Z10: 5 | AA10: 3 | AB10: 7 | AC10: 8 | AD10: 5 | AE10: 5 | AF10: 4 | AG10: 5 | AH10: 3 | AI10: 1 | AJ10: 3 | AK10: 8 | AL10: 5 | AM10: 8 | AN10: PACUL | AO10: 1 | AP10: =IFERROR(IF(AN10="CIKDITIRO",VLOOKUP(A10,'BR DTG CIKDITIRO'!C:E,3,0),IF(FR_HITUNG_MINMAX!AN10="PESALAKAN",VLOOKUP(FR_HITUNG_MINMAX!A10,'BR DTG ADW'!C:E,3,0),IF(FR_HITUNG_MINMAX!AN10="PACUL",VLOOKUP(FR_HITUNG_MINMAX!A10,'BR DTG PACUL'!C:E,3,0),IF(FR_HITUNG_MINMAX!AN10="TRAYEMAN",VLOOKUP(FR_HITUNG_MINMAX!A10,'BR DTG TRAYEMAN'!C:E,3,0),"?")))),0) -> 0 | AQ10: =IF(AN10="PACUL",VLOOKUP(A10,'STOK PACUL'!C:H,6,0),IF(FR_HITUNG_MINMAX!AN10="PESALAKAN",VLOOKUP(FR_HITUNG_MINMAX!A10,'STOK PESALAKAN'!C:H,6,0),IF(FR_HITUNG_MINMAX!AN10="CIKDITIRO",VLOOKUP(FR_HITUNG_MINMAX!A10,'STOK CIKDITIRO'!C:H,6,0),IF(FR_HITUNG_MINMAX!AN10="TRAYEMAN",VLOOKUP(FR_HITUNG_MINMAX!A10,'STOK TRAYEMAN'!C:H,6,0),"?")))) -> 1 | AR10: =IFERROR(AQ10,AO10+AP10) -> 1 | AS10: =ROUNDUP(AL10/2,0) -> 3 | AT10: =COUNTIF(A:A,A10) -> 2
A11: 06455-KWB-601 | B11: DISC PAD H.REVO ORI | C11: REM | D11: ORISIN | E11: C | F11: 50800 | G11: 1 | H11: GSM | I11: NSA | J11: 2 | K11: 1 | L11: 1 | M11: 1 | N11: 0 | O11: 1 | P11: 0 | Q11: 0 | R11: 0 | S11: 1 | T11: 0 | U11: 0 | V11: 0 | W11: 0 | X11: 1 | Y11: 2 | Z11: 1 | AA11: 1 | AB11: 1 | AC11: 0 | AD11: 0 | AE11: 1 | AF11: 1 | AG11: 1 | AH11: 0 | AI11: 0 | AJ11: 1 | AK11: 2 | AL11: 1 | AM11: 2 | AN11: PACUL | AO11: 2 | AP11: =IFERROR(IF(AN11="CIKDITIRO",VLOOKUP(A11,'BR DTG CIKDITIRO'!C:E,3,0),IF(FR_HITUNG_MINMAX!AN11="PESALAKAN",VLOOKUP(FR_HITUNG_MINMAX!A11,'BR DTG ADW'!C:E,3,0),IF(FR_HITUNG_MINMAX!AN11="PACUL",VLOOKUP(FR_HITUNG_MINMAX!A11,'BR DTG PACUL'!C:E,3,0),IF(FR_HITUNG_MINMAX!AN11="TRAYEMAN",VLOOKUP(FR_HITUNG_MINMAX!A11,'BR DTG TRAYEMAN'!C:E,3,0),"?")))),0) -> 0 | AQ11: =IF(AN11="PACUL",VLOOKUP(A11,'STOK PACUL'!C:H,6,0),IF(FR_HITUNG_MINMAX!AN11="PESALAKAN",VLOOKUP(FR_HITUNG_MINMAX!A11,'STOK PESALAKAN'!C:H,6,0),IF(FR_HITUNG_MINMAX!AN11="CIKDITIRO",VLOOKUP(FR_HITUNG_MINMAX!A11,'STOK CIKDITIRO'!C:H,6,0),IF(FR_HITUNG_MINMAX!AN11="TRAYEMAN",VLOOKUP(FR_HITUNG_MINMAX!A11,'STOK TRAYEMAN'!C:H,6,0),"?")))) -> 2 | AR11: =IFERROR(AQ11,AO11+AP11) -> 2 | AS11: =ROUNDUP(AL11/2,0) -> 1 | AT11: =COUNTIF(A:A,A11) -> 2
A12: 06535-GN5-505 | B12: KOMSTIR H.GRAND/BEAT/VARIO/PCX ORI | C12: BAUD | D12: ORISIN | E12: A | F12: 90000 | G12: 1 | H12: GSM | I12: NSA | J12: 2 | K12: 1 | L12: 1 | M12: 5 | N12: 2 | O12: 3 | P12: 0 | Q12: 2 | R12: 2 | S12: 6 | T12: 2 | U12: 3 | V12: 2 | W12: 2 | X12: 6 | Y12: 6 | Z12: 7 | AA12: 5 | AB12: 3 | AC12: 2 | AD12: 4 | AE12: 8 | AF12: 8 | AG12: 9 | AH12: 5 | AI12: 4 | AJ12: 3 | AK12: 9 | AL12: 6 | AM12: 9 | AN12: PACUL | AO12: 10 | AP12: =IFERROR(IF(AN12="CIKDITIRO",VLOOKUP(A12,'BR DTG CIKDITIRO'!C:E,3,0),IF(FR_HITUNG_MINMAX!AN12="PESALAKAN",VLOOKUP(FR_HITUNG_MINMAX!A12,'BR DTG ADW'!C:E,3,0),IF(FR_HITUNG_MINMAX!AN12="PACUL",VLOOKUP(FR_HITUNG_MINMAX!A12,'BR DTG PACUL'!C:E,3,0),IF(FR_HITUNG_MINMAX!AN12="TRAYEMAN",VLOOKUP(FR_HITUNG_MINMAX!A12,'BR DTG TRAYEMAN'!C:E,3,0),"?")))),0) -> 0 | AQ12: =IF(AN12="PACUL",VLOOKUP(A12,'STOK PACUL'!C:H,6,0),IF(FR_HITUNG_MINMAX!AN12="PESALAKAN",VLOOKUP(FR_HITUNG_MINMAX!A12,'STOK PESALAKAN'!C:H,6,0),IF(FR_HITUNG_MINMAX!AN12="CIKDITIRO",VLOOKUP(FR_HITUNG_MINMAX!A12,'STOK CIKDITIRO'!C:H,6,0),IF(FR_HITUNG_MINMAX!AN12="TRAYEMAN",VLOOKUP(FR_HITUNG_MINMAX!A12,'STOK TRAYEMAN'!C:H,6,0),"?")))) -> 10 | AR12: =IFERROR(AQ12,AO12+AP12) -> 10 | AS12: =ROUNDUP(AL12/2,0) -> 3 | AT12: =COUNTIF(A:A,A12) -> 4
A13: 08232-2MB-K2LN1 | B13: OLI MATIC H.MPX 2 0.65L | C13: CAIRAN | D13: OLIGEN | E13: A | F13: 42000 | G13: 1 | J13: 1 | K13: 1 | L13: 6 | M13: 6 | N13: 4 | O13: 5 | P13: 4 | Q13: 0 | R13: 0 | S13: 0 | T13: 3 | U13: 2 | V13: 8 | W13: 16 | X13: 16 | Y13: 12 | Z13: 10 | AA13: 9 | AB13: 9 | AC13: 4 | AD13: 0 | AE13: 0 | AF13: 3 | AG13: 2 | AH13: 10 | AI13: 24 | AJ13: 22 | AK13: 24 | AL13: 16 | AM13: 24 | AN13: PACUL | AO13: 80 | AP13: =IFERROR(IF(AN13="CIKDITIRO",VLOOKUP(A13,'BR DTG CIKDITIRO'!C:E,3,0),IF(FR_HITUNG_MINMAX!AN13="PESALAKAN",VLOOKUP(FR_HITUNG_MINMAX!A13,'BR DTG ADW'!C:E,3,0),IF(FR_HITUNG_MINMAX!AN13="PACUL",VLOOKUP(FR_HITUNG_MINMAX!A13,'BR DTG PACUL'!C:E,3,0),IF(FR_HITUNG_MINMAX!AN13="TRAYEMAN",VLOOKUP(FR_HITUNG_MINMAX!A13,'BR DTG TRAYEMAN'!C:E,3,0),"?")))),0) -> 0 | AQ13: =IF(AN13="PACUL",VLOOKUP(A13,'STOK PACUL'!C:H,6,0),IF(FR_HITUNG_MINMAX!AN13="PESALAKAN",VLOOKUP(FR_HITUNG_MINMAX!A13,'STOK PESALAKAN'!C:H,6,0),IF(FR_HITUNG_MINMAX!AN13="CIKDITIRO",VLOOKUP(FR_HITUNG_MINMAX!A13,'STOK CIKDITIRO'!C:H,6,0),IF(FR_HITUNG_MINMAX!AN13="TRAYEMAN",VLOOKUP(FR_HITUNG_MINMAX!A13,'STOK TRAYEMAN'!C:H,6,0),"?")))) -> 80 | AR13: =IFERROR(AQ13,AO13+AP13) -> 80 | AS13: =ROUNDUP(AL13/2,0) -> 8 | AT13: =COUNTIF(A:A,A13) -> 4
A14: 08232-2MB-K8JN1 | B14: OLI GEAR H.AHM 120ML | C14: CAIRAN | D14: OLIGEN | E14: A | F14: 16000 | G14: 12 | H14: HKJ | I14: NSA | J14: 14 | K14: 1 | L14: 33 | M14: 31 | N14: 28 | O14: 29 | P14: 26 | Q14: 28 | R14: 31 | S14: 33 | T14: 26 | U14: 27 | V14: 31 | W14: 24 | X14: 33 | Y14: 64 | Z14: 59 | AA14: 57 | AB14: 55 | AC14: 54 | AD14: 59 | AE14: 64 | AF14: 59 | AG14: 60 | AH14: 58 | AI14: 55 | AJ14: 57 | AK14: 64 | AL14: 33 | AM14: 64 | AN14: PACUL | AO14: 26 | AP14: =IFERROR(IF(AN14="CIKDITIRO",VLOOKUP(A14,'BR DTG CIKDITIRO'!C:E,3,0),IF(FR_HITUNG_MINMAX!AN14="PESALAKAN",VLOOKUP(FR_HITUNG_MINMAX!A14,'BR DTG ADW'!C:E,3,0),IF(FR_HITUNG_MINMAX!AN14="PACUL",VLOOKUP(FR_HITUNG_MINMAX!A14,'BR DTG PACUL'!C:E,3,0),IF(FR_HITUNG_MINMAX!AN14="TRAYEMAN",VLOOKUP(FR_HITUNG_MINMAX!A14,'BR DTG TRAYEMAN'!C:E,3,0),"?")))),0) -> 0 | AQ14: =IF(AN14="PACUL",VLOOKUP(A14,'STOK PACUL'!C:H,6,0),IF(FR_HITUNG_MINMAX!AN14="PESALAKAN",VLOOKUP(FR_HITUNG_MINMAX!A14,'STOK PESALAKAN'!C:H,6,0),IF(FR_HITUNG_MINMAX!AN14="CIKDITIRO",VLOOKUP(FR_HITUNG_MINMAX!A14,'STOK CIKDITIRO'!C:H,6,0),IF(FR_HITUNG_MINMAX!AN14="TRAYEMAN",VLOOKUP(FR_HITUNG_MINMAX!A14,'STOK TRAYEMAN'!C:H,6,0),"?")))) -> 26 | AR14: =IFERROR(AQ14,AO14+AP14) -> 26 | AS14: =ROUNDUP(AL14/2,0) -> 17 | AT14: =COUNTIF(A:A,A14) -> 4
A15: 08232-M99-K1JN1 | B15: OLI MATIC H.MPX 2 0.8L | C15: CAIRAN | D15: OLIGEN | E15: A | F15: 50150 | G15: 24 | H15: HKJ | I15: NSA | J15: 38 | K15: 1 | L15: 38 | M15: 41 | N15: 42 | O15: 48 | P15: 38 | Q15: 37 | R15: 50 | S15: 41 | T15: 34 | U15: 44 | V15: 40 | W15: 27 | X15: 50 | Y15: 79 | Z15: 83 | AA15: 90 | AB15: 86 | AC15: 75 | AD15: 87 | AE15: 91 | AF15: 75 | AG15: 85 | AH15: 84 | AI15: 67 | AJ15: 65 | AK15: 91 | AL15: 50 | AM15: 91 | AN15: PACUL | AO15: 68 | AP15: =IFERROR(IF(AN15="CIKDITIRO",VLOOKUP(A15,'BR DTG CIKDITIRO'!C:E,3,0),IF(FR_HITUNG_MINMAX!AN15="PESALAKAN",VLOOKUP(FR_HITUNG_MINMAX!A15,'BR DTG ADW'!C:E,3,0),IF(FR_HITUNG_MINMAX!AN15="PACUL",VLOOKUP(FR_HITUNG_MINMAX!A15,'BR DTG PACUL'!C:E,3,0),IF(FR_HITUNG_MINMAX!AN15="TRAYEMAN",VLOOKUP(FR_HITUNG_MINMAX!A15,'BR DTG TRAYEMAN'!C:E,3,0),"?")))),0) -> 0 | AQ15: =IF(AN15="PACUL",VLOOKUP(A15,'STOK PACUL'!C:H,6,0),IF(FR_HITUNG_MINMAX!AN15="PESALAKAN",VLOOKUP(FR_HITUNG_MINMAX!A15,'STOK PESALAKAN'!C:H,6,0),IF(FR_HITUNG_MINMAX!AN15="CIKDITIRO",VLOOKUP(FR_HITUNG_MINMAX!A15,'STOK CIKDITIRO'!C:H,6,0),IF(FR_HITUNG_MINMAX!AN15="TRAYEMAN",VLOOKUP(FR_HITUNG_MINMAX!A15,'STOK TRAYEMAN'!C:H,6,0),"?")))) -> 68 | AR15: =IFERROR(AQ15,AO15+AP15) -> 68 | AS15: =ROUNDUP(AL15/2,0) -> 25 | AT15: =COUNTIF(A:A,A15) -> 4
A16: 08232-M99-K8JN9 | B16: OLI BEBEK H.MPX 1 0.8L | C16: CAIRAN | D16: OLIGEN | E16: A | F16: 48450 | G16: 2 | H16: HKJ | I16: NSA | J16: 7 | K16: 1 | L16: 7 | M16: 5 | N16: 4 | O16: 1 | P16: 1 | Q16: 3 | R16: 1 | S16: 1 | T16: 5 | U16: 9 | V16: 0 | W16: 1 | X16: 9 | Y16: 12 | Z16: 9 | AA16: 5 | AB16: 2 | AC16: 4 | AD16: 4 | AE16: 2 | AF16: 6 | AG16: 10 | AH16: 9 | AI16: 1 | AJ16: 8 | AK16: 12 | AL16: 9 | AM16: 12 | AN16: PACUL | AO16: 8 | AP16: =IFERROR(IF(AN16="CIKDITIRO",VLOOKUP(A16,'BR DTG CIKDITIRO'!C:E,3,0),IF(FR_HITUNG_MINMAX!AN16="PESALAKAN",VLOOKUP(FR_HITUNG_MINMAX!A16,'BR DTG ADW'!C:E,3,0),IF(FR_HITUNG_MINMAX!AN16="PACUL",VLOOKUP(FR_HITUNG_MINMAX!A16,'BR DTG PACUL'!C:E,3,0),IF(FR_HITUNG_MINMAX!AN16="TRAYEMAN",VLOOKUP(FR_HITUNG_MINMAX!A16,'BR DTG TRAYEMAN'!C:E,3,0),"?")))),0) -> 0 | AQ16: =IF(AN16="PACUL",VLOOKUP(A16,'STOK PACUL'!C:H,6,0),IF(FR_HITUNG_MINMAX!AN16="PESALAKAN",VLOOKUP(FR_HITUNG_MINMAX!A16,'STOK PESALAKAN'!C:H,6,0),IF(FR_HITUNG_MINMAX!AN16="CIKDITIRO",VLOOKUP(FR_HITUNG_MINMAX!A16,'STOK CIKDITIRO'!C:H,6,0),IF(FR_HITUNG_MINMAX!AN16="TRAYEMAN",VLOOKUP(FR_HITUNG_MINMAX!A16,'STOK TRAYEMAN'!C:H,6,0),"?")))) -> 8 | AR16: =IFERROR(AQ16,AO16+AP16) -> 8 | AS16: =ROUNDUP(AL16/2,0) -> 5 | AT16: =COUNTIF(A:A,A16) -> 3
A17: 082332M99K8JNI | B17: OLI SPORT H.MPX 1 1L | C17: CAIRAN | D17: OLIGEN | E17: C | F17: 56000 | G17: 1 | H17: GSM | I17: NSA | J17: 2 | K17: 1 | L17: 0 | M17: 1 | N17: 0 | O17: 1 | P17: 1 | Q17: 0 | R17: 0 | S17: 1 | T17: 1 | U17: 0 | V17: 0 | W17: 1 | X17: 1 | Y17: 1 | Z17: 1 | AA17: 1 | AB17: 2 | AC17: 1 | AD17: 0 | AE17: 1 | AF17: 2 | AG17: 1 | AH17: 0 | AI17: 1 | AJ17: 1 | AK17: 2 | AL17: 1 | AM17: 2 | AN17: PACUL | AO17: 4 | AP17: =IFERROR(IF(AN17="CIKDITIRO",VLOOKUP(A17,'BR DTG CIKDITIRO'!C:E,3,0),IF(FR_HITUNG_MINMAX!AN17="PESALAKAN",VLOOKUP(FR_HITUNG_MINMAX!A17,'BR DTG ADW'!C:E,3,0),IF(FR_HITUNG_MINMAX!AN17="PACUL",VLOOKUP(FR_HITUNG_MINMAX!A17,'BR DTG PACUL'!C:E,3,0),IF(FR_HITUNG_MINMAX!AN17="TRAYEMAN",VLOOKUP(FR_HITUNG_MINMAX!A17,'BR DTG TRAYEMAN'!C:E,3,0),"?")))),0) -> 0 | AQ17: =IF(AN17="PACUL",VLOOKUP(A17,'STOK PACUL'!C:H,6,0),IF(FR_HITUNG_MINMAX!AN17="PESALAKAN",VLOOKUP(FR_HITUNG_MINMAX!A17,'STOK PESALAKAN'!C:H,6,0),IF(FR_HITUNG_MINMAX!AN17="CIKDITIRO",VLOOKUP(FR_HITUNG_MINMAX!A17,'STOK CIKDITIRO'!C:H,6,0),IF(FR_HITUNG_MINMAX!AN17="TRAYEMAN",VLOOKUP(FR_HITUNG_MINMAX!A17,'STOK TRAYEMAN'!C:H,6,0),"?")))) -> 4 | AR17: =IFERROR(AQ17,AO17+AP17) -> 4 | AS17: =ROUNDUP(AL17/2,0) -> 1 | AT17: =COUNTIF(A:A,A17) -> 3
A18: 08234-2MB-K8JN0 | B18: OLI MATIC H.SPX 2 0.8L | C18: CAIRAN | D18: OLIGEN | E18: A | F18: 59925 | G18: 6 | H18: HKJ | I18: NSA | J18: 14 | K18: 1 | L18: 1 | M18: 4 | N18: 3 | O18: 13 | P18: 4 | Q18: 5 | R18: 6 | S18: 2 | T18: 7 | U18: 3 | V18: 3 | W18: 7 | X18: 13 | Y18: 5 | Z18: 7 | AA18: 16 | AB18: 17 | AC18: 9 | AD18: 11 | AE18: 8 | AF18: 9 | AG18: 5 | AH18: 6 | AI18: 10 | AJ18: 8 | AK18: 17 | AL18: 13 | AM18: 17 | AN18: PACUL | AO18: 10 | AP18: =IFERROR(IF(AN18="CIKDITIRO",VLOOKUP(A18,'BR DTG CIKDITIRO'!C:E,3,0),IF(FR_HITUNG_MINMAX!AN18="PESALAKAN",VLOOKUP(FR_HITUNG_MINMAX!A18,'BR DTG ADW'!C:E,3,0),IF(FR_HITUNG_MINMAX!AN18="PACUL",VLOOKUP(FR_HITUNG_MINMAX!A18,'BR DTG PACUL'!C:E,3,0),IF(FR_HITUNG_MINMAX!AN18="TRAYEMAN",VLOOKUP(FR_HITUNG_MINMAX!A18,'BR DTG TRAYEMAN'!C:E,3,0),"?")))),0) -> 0 | AQ18: =IF(AN18="PACUL",VLOOKUP(A18,'STOK PACUL'!C:H,6,0),IF(FR_HITUNG_MINMAX!AN18="PESALAKAN",VLOOKUP(FR_HITUNG_MINMAX!A18,'STOK PESALAKAN'!C:H,6,0),IF(FR_HITUNG_MINMAX!AN18="CIKDITIRO",VLOOKUP(FR_HITUNG_MINMAX!A18,'STOK CIKDITIRO'!C:H,6,0),IF(FR_HITUNG_MINMAX!AN18="TRAYEMAN",VLOOKUP(FR_HITUNG_MINMAX!A18,'STOK TRAYEMAN'!C:H,6,0),"?")))) -> 10 | AR18: =IFERROR(AQ18,AO18+AP18) -> 10 | AS18: =ROUNDUP(AL18/2,0) -> 7 | AT18: =COUNTIF(A:A,A18) -> 4
A19: 08CLA-H50-500 | B19: COOLANT RADIATOR H.AHM ORI | C19: CAIRAN | D19: ORISIN | E19: A | F19: 18000 | G19: 12 | H19: GSM | I19: NSA | J19: 4 | K19: 1 | L19: 0 | M19: 3 | N19: 4 | O19: 10 | P19: 2 | Q19: 5 | R19: 9 | S19: 13 | T19: 5 | U19: 4 | V19: 6 | W19: 8 | X19: 13 | Y19: 3 | Z19: 7 | AA19: 14 | AB19: 12 | AC19: 7 | AD19: 14 | AE19: 22 | AF19: 18 | AG19: 17 | AH19: 10 | AI19: 14 | AJ19: 8 | AK19: 22 | AL19: 13 | AM19: 22 | AN19: PACUL | AO19: 8 | AP19: =IFERROR(IF(AN19="CIKDITIRO",VLOOKUP(A19,'BR DTG CIKDITIRO'!C:E,3,0),IF(FR_HITUNG_MINMAX!AN19="PESALAKAN",VLOOKUP(FR_HITUNG_MINMAX!A19,'BR DTG ADW'!C:E,3,0),IF(FR_HITUNG_MINMAX!AN19="PACUL",VLOOKUP(FR_HITUNG_MINMAX!A19,'BR DTG PACUL'!C:E,3,0),IF(FR_HITUNG_MINMAX!AN19="TRAYEMAN",VLOOKUP(FR_HITUNG_MINMAX!A19,'BR DTG TRAYEMAN'!C:E,3,0),"?")))),0) -> 0 | AQ19: =IF(AN19="PACUL",VLOOKUP(A19,'STOK PACUL'!C:H,6,0),IF(FR_HITUNG_MINMAX!AN19="PESALAKAN",VLOOKUP(FR_HITUNG_MINMAX!A19,'STOK PESALAKAN'!C:H,6,0),IF(FR_HITUNG_MINMAX!AN19="CIKDITIRO",VLOOKUP(FR_HITUNG_MINMAX!A19,'STOK CIKDITIRO'!C:H,6,0),IF(FR_HITUNG_MINMAX!AN19="TRAYEMAN",VLOOKUP(FR_HITUNG_MINMAX!A19,'STOK TRAYEMAN'!C:H,6,0),"?")))) -> 8 | AR19: =IFERROR(AQ19,AO19+AP19) -> 8 | AS19: =ROUNDUP(AL19/2,0) -> 7 | AT19: =COUNTIF(A:A,A19) -> 4
A20: 09355-50105L460 | B20: SELANG BENSIN S.SGP ORI | C20: KARET & SELANG | D20: ORISIN | E20: D | F20: 9000 | G20: 1 | H20: HKJ | J20: 1 | K20: 1 | L20: 0 | M20: 1 | N20: 0 | O20: 0 | P20: 0 | Q20: 0 | R20: 1 | S20: 0 | T20: 0 | U20: 0 | V20: 0 | W20: 0 | X20: 1 | Y20: 1 | Z20: 1 | AA20: 0 | AB20: 0 | AC20: 0 | AD20: 1 | AE20: 1 | AF20: 0 | AG20: 0 | AH20: 0 | AI20: 0 | AJ20: 0 | AK20: 1 | AL20: 1 | AM20: 2 | AN20: PACUL | AO20: 2 | AP20: =IFERROR(IF(AN20="CIKDITIRO",VLOOKUP(A20,'BR DTG CIKDITIRO'!C:E,3,0),IF(FR_HITUNG_MINMAX!AN20="PESALAKAN",VLOOKUP(FR_HITUNG_MINMAX!A20,'BR DTG ADW'!C:E,3,0),IF(FR_HITUNG_MINMAX!AN20="PACUL",VLOOKUP(FR_HITUNG_MINMAX!A20,'BR DTG PACUL'!C:E,3,0),IF(FR_HITUNG_MINMAX!AN20="TRAYEMAN",VLOOKUP(FR_HITUNG_MINMAX!A20,'BR DTG TRAYEMAN'!C:E,3,0),"?")))),0) -> 0 | AQ20: =IF(AN20="PACUL",VLOOKUP(A20,'STOK PACUL'!C:H,6,0),IF(FR_HITUNG_MINMAX!AN20="PESALAKAN",VLOOKUP(FR_HITUNG_MINMAX!A20,'STOK PESALAKAN'!C:H,6,0),IF(FR_HITUNG_MINMAX!AN20="CIKDITIRO",VLOOKUP(FR_HITUNG_MINMAX!A20,'STOK CIKDITIRO'!C:H,6,0),IF(FR_HITUNG_MINMAX!AN20="TRAYEMAN",VLOOKUP(FR_HITUNG_MINMAX!A20,'STOK TRAYEMAN'!C:H,6,0),"?")))) -> 2 | AR20: =IFERROR(AQ20,AO20+AP20) -> 2 | AS20: =ROUNDUP(AL20/2,0) -> 1 | AT20: =COUNTIF(A:A,A20) -> 3
A21: 09471-12008-000 | B21: BOHLAM BELAKANG SGP ORI (PS) | C21: KELISTRIKAN. STATER/ENGKOL | D21: ORISIN | E21: A | F21: 12000 | G21: 1 | J21: 1 | K21: 1 | L21: 8 | M21: 6 | N21: 1 | O21: 3 | P21: 5 | Q21: 4 | R21: 4 | S21: 3 | T21: 3 | U21: 5 | V21: 5 | W21: 3 | X21: 8 | Y21: 14 | Z21: 7 | AA21: 4 | AB21: 8 | AC21: 9 | AD21: 8 | AE21: 7 | AF21: 6 | AG21: 8 | AH21: 10 | AI21: 8 | AJ21: 11 | AK21: 14 | AL21: 8 | AM21: 14 | AN21: PACUL | AO21: 9 | AP21: =IFERROR(IF(AN21="CIKDITIRO",VLOOKUP(A21,'BR DTG CIKDITIRO'!C:E,3,0),IF(FR_HITUNG_MINMAX!AN21="PESALAKAN",VLOOKUP(FR_HITUNG_MINMAX!A21,'BR DTG ADW'!C:E,3,0),IF(FR_HITUNG_MINMAX!AN21="PACUL",VLOOKUP(FR_HITUNG_MINMAX!A21,'BR DTG PACUL'!C:E,3,0),IF(FR_HITUNG_MINMAX!AN21="TRAYEMAN",VLOOKUP(FR_HITUNG_MINMAX!A21,'BR DTG TRAYEMAN'!C:E,3,0),"?")))),0) -> 0 | AQ21: =IF(AN21="PACUL",VLOOKUP(A21,'STOK PACUL'!C:H,6,0),IF(FR_HITUNG_MINMAX!AN21="PESALAKAN",VLOOKUP(FR_HITUNG_MINMAX!A21,'STOK PESALAKAN'!C:H,6,0),IF(FR_HITUNG_MINMAX!AN21="CIKDITIRO",VLOOKUP(FR_HITUNG_MINMAX!A21,'STOK CIKDITIRO'!C:H,6,0),IF(FR_HITUNG_MINMAX!AN21="TRAYEMAN",VLOOKUP(FR_HITUNG_MINMAX!A21,'STOK TRAYEMAN'!C:H,6,0),"?")))) -> 9 | AR21: =IFERROR(AQ21,AO21+AP21) -> 9 | AS21: =ROUNDUP(AL21/2,0) -> 4 | AT21: =COUNTIF(A:A,A21) -> 4
A22: 110/90-1264J | B22: BAN LUAR BELAKANG 110/90-12 FDR | C22: RODA | D22: ORISIN | E22: C | F22: 250000 | G22: 1 | H22: HKJ | J22: 1 | K22: 1 | L22: 1 | M22: 0 | N22: 0 | O22: 1 | P22: 0 | Q22: 0 | R22: 1 | S22: 0 | T22: 0 | U22: 2 | V22: 0 | W22: 0 | X22: 2 | Y22: 1 | Z22: 0 | AA22: 1 | AB22: 1 | AC22: 0 | AD22: 1 | AE22: 1 | AF22: 0 | AG22: 2 | AH22: 2 | AI22: 0 | AJ22: 1 | AK22: 2 | AL22: 2 | AM22: 2 | AN22: PACUL | AO22: 1 | AP22: =IFERROR(IF(AN22="CIKDITIRO",VLOOKUP(A22,'BR DTG CIKDITIRO'!C:E,3,0),IF(FR_HITUNG_MINMAX!AN22="PESALAKAN",VLOOKUP(FR_HITUNG_MINMAX!A22,'BR DTG ADW'!C:E,3,0),IF(FR_HITUNG_MINMAX!AN22="PACUL",VLOOKUP(FR_HITUNG_MINMAX!A22,'BR DTG PACUL'!C:E,3,0),IF(FR_HITUNG_MINMAX!AN22="TRAYEMAN",VLOOKUP(FR_HITUNG_MINMAX!A22,'BR DTG TRAYEMAN'!C:E,3,0),"?")))),0) -> 0 | AQ22: =IF(AN22="PACUL",VLOOKUP(A22,'STOK PACUL'!C:H,6,0),IF(FR_HITUNG_MINMAX!AN22="PESALAKAN",VLOOKUP(FR_HITUNG_MINMAX!A22,'STOK PESALAKAN'!C:H,6,0),IF(FR_HITUNG_MINMAX!AN22="CIKDITIRO",VLOOKUP(FR_HITUNG_MINMAX!A22,'STOK CIKDITIRO'!C:H,6,0),IF(FR_HITUNG_MINMAX!AN22="TRAYEMAN",VLOOKUP(FR_HITUNG_MINMAX!A22,'STOK TRAYEMAN'!C:H,6,0),"?")))) -> 1 | AR22: =IFERROR(AQ22,AO22+AP22) -> 1 | AS22: =ROUNDUP(AL22/2,0) -> 1 | AT22: =COUNTIF(A:A,A22) -> 3
A23: 11103-KVB-930 | B23: KARET MONTING H.VARIO ORI | C23: KARET & SELANG | D23: ORISIN | E23: D | F23: 20750 | G23: 1 | H23: SLT | I23: NSA | J23: 1 | K23: 1 | L23: 0 | M23: 0 | N23: 0 | O23: 0 | P23: 0 | Q23: 0 | R23: 0 | S23: 0 | T23: 2 | U23: 0 | V23: 0 | W23: 0 | X23: 2 | Y23: 0 | Z23: 0 | AA23: 0 | AB23: 0 | AC23: 0 | AD23: 0 | AE23: 0 | AF23: 2 | AG23: 0 | AH23: 0 | AI23: 0 | AJ23: 0 | AK23: 2 | AL23: 2 | AM23: 2 | AN23: PACUL | AO23: 2 | AP23: =IFERROR(IF(AN23="CIKDITIRO",VLOOKUP(A23,'BR DTG CIKDITIRO'!C:E,3,0),IF(FR_HITUNG_MINMAX!AN23="PESALAKAN",VLOOKUP(FR_HITUNG_MINMAX!A23,'BR DTG ADW'!C:E,3,0),IF(FR_HITUNG_MINMAX!AN23="PACUL",VLOOKUP(FR_HITUNG_MINMAX!A23,'BR DTG PACUL'!C:E,3,0),IF(FR_HITUNG_MINMAX!AN23="TRAYEMAN",VLOOKUP(FR_HITUNG_MINMAX!A23,'BR DTG TRAYEMAN'!C:E,3,0),"?")))),0) -> 0 | AQ23: =IF(AN23="PACUL",VLOOKUP(A23,'STOK PACUL'!C:H,6,0),IF(FR_HITUNG_MINMAX!AN23="PESALAKAN",VLOOKUP(FR_HITUNG_MINMAX!A23,'STOK PESALAKAN'!C:H,6,0),IF(FR_HITUNG_MINMAX!AN23="CIKDITIRO",VLOOKUP(FR_HITUNG_MINMAX!A23,'STOK CIKDITIRO'!C:H,6,0),IF(FR_HITUNG_MINMAX!AN23="TRAYEMAN",VLOOKUP(FR_HITUNG_MINMAX!A23,'STOK TRAYEMAN'!C:H,6,0),"?")))) -> 2 | AR23: =IFERROR(AQ23,AO23+AP23) -> 2 | AS23: =ROUNDUP(AL23/2,0) -> 1 | AT23: =COUNTIF(A:A,A23) -> 1
A24: 11361-KWN-901 | B24: PLAT DUDUKAN SPULL ASSY H.VARIO ORI | D24: ORISIN | E24: D | F24: 128000 | G24: 1 | J24: 1 | K24: 1 | L24: 0 | M24: 0 | N24: 0 | O24: 1 | P24: 0 | Q24: 0 | R24: 0 | S24: 0 | T24: 0 | U24: 0 | V24: 0 | W24: 0 | X24: 1 | Y24: 0 | Z24: 0 | AA24: 1 | AB24: 1 | AC24: 0 | AD24: 0 | AE24: 0 | AF24: 0 | AG24: 0 | AH24: 0 | AI24: 0 | AJ24: 0 | AK24: 1 | AL24: 1 | AM24: 1 | AN24: PACUL | AO24: 0 | AP24: =IFERROR(IF(AN24="CIKDITIRO",VLOOKUP(A24,'BR DTG CIKDITIRO'!C:E,3,0),IF(FR_HITUNG_MINMAX!AN24="PESALAKAN",VLOOKUP(FR_HITUNG_MINMAX!A24,'BR DTG ADW'!C:E,3,0),IF(FR_HITUNG_MINMAX!AN24="PACUL",VLOOKUP(FR_HITUNG_MINMAX!A24,'BR DTG PACUL'!C:E,3,0),IF(FR_HITUNG_MINMAX!AN24="TRAYEMAN",VLOOKUP(FR_HITUNG_MINMAX!A24,'BR DTG TRAYEMAN'!C:E,3,0),"?")))),0) -> 0 | AQ24: =IF(AN24="PACUL",VLOOKUP(A24,'STOK PACUL'!C:H,6,0),IF(FR_HITUNG_MINMAX!AN24="PESALAKAN",VLOOKUP(FR_HITUNG_MINMAX!A24,'STOK PESALAKAN'!C:H,6,0),IF(FR_HITUNG_MINMAX!AN24="CIKDITIRO",VLOOKUP(FR_HITUNG_MINMAX!A24,'STOK CIKDITIRO'!C:H,6,0),IF(FR_HITUNG_MINMAX!AN24="TRAYEMAN",VLOOKUP(FR_HITUNG_MINMAX!A24,'STOK TRAYEMAN'!C:H,6,0),"?")))) -> 0 | AR24: =IFERROR(AQ24,AO24+AP24) -> 0 | AS24: =ROUNDUP(AL24/2,0) -> 1 | AT24: =COUNTIF(A:A,A24) -> 1
A25: 11363-KWN-900 | B25: ORING MAGHNET H.VARIO 125 ORI | C25: KARET & SELANG | D25: ORISIN | E25: D | F25: 14000 | G25: 1 | H25: SLT | I25: NSA | J25: 1 | K25: 1 | L25: 0 | M25: 0 | N25: 0 | O25: 1 | P25: 0 | Q25: 0 | R25: 0 | S25: 0 | T25: 0 | U25: 0 | V25: 0 | W25: 1 | X25: 1 | Y25: 0 | Z25: 0 | AA25: 1 | AB25: 1 | AC25: 0 | AD25: 0 | AE25: 0 | AF25: 0 | AG25: 0 | AH25: 0 | AI25: 1 | AJ25: 1 | AK25: 1 | AL25: 1 | AM25: 2 | AN25: PACUL | AO25: 1 | AP25: =IFERROR(IF(AN25="CIKDITIRO",VLOOKUP(A25,'BR DTG CIKDITIRO'!C:E,3,0),IF(FR_HITUNG_MINMAX!AN25="PESALAKAN",VLOOKUP(FR_HITUNG_MINMAX!A25,'BR DTG ADW'!C:E,3,0),IF(FR_HITUNG_MINMAX!AN25="PACUL",VLOOKUP(FR_HITUNG_MINMAX!A25,'BR DTG PACUL'!C:E,3,0),IF(FR_HITUNG_MINMAX!AN25="TRAYEMAN",VLOOKUP(FR_HITUNG_MINMAX!A25,'BR DTG TRAYEMAN'!C:E,3,0),"?")))),0) -> 0 | AQ25: =IF(AN25="PACUL",VLOOKUP(A25,'STOK PACUL'!C:H,6,0),IF(FR_HITUNG_MINMAX!AN25="PESALAKAN",VLOOKUP(FR_HITUNG_MINMAX!A25,'STOK PESALAKAN'!C:H,6,0),IF(FR_HITUNG_MINMAX!AN25="CIKDITIRO",VLOOKUP(FR_HITUNG_MINMAX!A25,'STOK CIKDITIRO'!C:H,6,0),IF(FR_HITUNG_MINMAX!AN25="TRAYEMAN",VLOOKUP(FR_HITUNG_MINMAX!A25,'STOK TRAYEMAN'!C:H,6,0),"?")))) -> 1 | AR25: =IFERROR(AQ25,AO25+AP25) -> 1 | AS25: =ROUNDUP(AL25/2,0) -> 1 | AT25: =COUNTIF(A:A,A25) -> 3
A26: 11395-KWB-920 | B26: PERPAK MAGNET H.REVO FI ORI | C26: NOSTOK | D26: ORISIN | E26: D | F26: 20000 | G26: 1 | J26: 1 | K26: 1 | L26: 1 | M26: 0 | N26: 0 | O26: 0 | P26: 0 | Q26: 0 | R26: 0 | S26: 0 | T26: 0 | U26: 0 | V26: 0 | W26: 0 | X26: 1 | Y26: 1 | Z26: 0 | AA26: 0 | AB26: 0 | AC26: 0 | AD26: 0 | AE26: 0 | AF26: 0 | AG26: 0 | AH26: 0 | AI26: 0 | AJ26: 1 | AK26: 1 | AL26: 0 | AM26: 0 | AN26: PACUL | AO26: 0 | AP26: =IFERROR(IF(AN26="CIKDITIRO",VLOOKUP(A26,'BR DTG CIKDITIRO'!C:E,3,0),IF(FR_HITUNG_MINMAX!AN26="PESALAKAN",VLOOKUP(FR_HITUNG_MINMAX!A26,'BR DTG ADW'!C:E,3,0),IF(FR_HITUNG_MINMAX!AN26="PACUL",VLOOKUP(FR_HITUNG_MINMAX!A26,'BR DTG PACUL'!C:E,3,0),IF(FR_HITUNG_MINMAX!AN26="TRAYEMAN",VLOOKUP(FR_HITUNG_MINMAX!A26,'BR DTG TRAYEMAN'!C:E,3,0),"?")))),0) -> 0 | AQ26: =IF(AN26="PACUL",VLOOKUP(A26,'STOK PACUL'!C:H,6,0),IF(FR_HITUNG_MINMAX!AN26="PESALAKAN",VLOOKUP(FR_HITUNG_MINMAX!A26,'STOK PESALAKAN'!C:H,6,0),IF(FR_HITUNG_MINMAX!AN26="CIKDITIRO",VLOOKUP(FR_HITUNG_MINMAX!A26,'STOK CIKDITIRO'!C:H,6,0),IF(FR_HITUNG_MINMAX!AN26="TRAYEMAN",VLOOKUP(FR_HITUNG_MINMAX!A26,'STOK TRAYEMAN'!C:H,6,0),"?")))) -> 0 | AR26: =IFERROR(AQ26,AO26+AP26) -> 0 | AS26: =ROUNDUP(AL26/2,0) -> 0 | AT26: =COUNTIF(A:A,A26) -> 1
A27: 12191-K44-V00 | B27: PERPAK BLOK H.BEAT FI ESP ORI | C27: NOSTOK | D27: ORISIN | E27: D | F27: 12500 | G27: 1 | J27: 1 | K27: 1 | L27: 0 | M27: 0 | N27: 0 | O27: 0 | P27: 0 | Q27: 0 | R27: 0 | S27: 0 | T27: 0 | U27: 1 | V27: 0 | W27: 0 | X27: 1 | Y27: 0 | Z27: 0 | AA27: 0 | AB27: 0 | AC27: 0 | AD27: 0 | AE27: 0 | AF27: 0 | AG27: 1 | AH27: 1 | AI27: 0 | AJ27: 0 | AK27: 1 | AL27: 0 | AM27: 0 | AN27: PACUL | AO27: 1 | AP27: =IFERROR(IF(AN27="CIKDITIRO",VLOOKUP(A27,'BR DTG CIKDITIRO'!C:E,3,0),IF(FR_HITUNG_MINMAX!AN27="PESALAKAN",VLOOKUP(FR_HITUNG_MINMAX!A27,'BR DTG ADW'!C:E,3,0),IF(FR_HITUNG_MINMAX!AN27="PACUL",VLOOKUP(FR_HITUNG_MINMAX!A27,'BR DTG PACUL'!C:E,3,0),IF(FR_HITUNG_MINMAX!AN27="TRAYEMAN",VLOOKUP(FR_HITUNG_MINMAX!A27,'BR DTG TRAYEMAN'!C:E,3,0),"?")))),0) -> 0 | AQ27: =IF(AN27="PACUL",VLOOKUP(A27,'STOK PACUL'!C:H,6,0),IF(FR_HITUNG_MINMAX!AN27="PESALAKAN",VLOOKUP(FR_HITUNG_MINMAX!A27,'STOK PESALAKAN'!C:H,6,0),IF(FR_HITUNG_MINMAX!AN27="CIKDITIRO",VLOOKUP(FR_HITUNG_MINMAX!A27,'STOK CIKDITIRO'!C:H,6,0),IF(FR_HITUNG_MINMAX!AN27="TRAYEMAN",VLOOKUP(FR_HITUNG_MINMAX!A27,'STOK TRAYEMAN'!C:H,6,0),"?")))) -> 1 | AR27: =IFERROR(AQ27,AO27+AP27) -> 1 | AS27: =ROUNDUP(AL27/2,0) -> 0 | AT27: =COUNTIF(A:A,A27) -> 2
A28: 12191-KZR-600 | B28: PERPAK BLOK H.VARIO 125 ORI | C28: NOSTOK | D28: ORISIN | E28: D | F28: 17000 | G28: 1 | H28: SLT | I28: NSA | J28: 1 | K28: 1 | L28: 0 | M28: 0 | N28: 0 | O28: 2 | P28: 0 | Q28: 0 | R28: 0 | S28: 0 | T28: 0 | U28: 0 | V28: 0 | W28: 1 | X28: 2 | Y28: 0 | Z28: 0 | AA28: 2 | AB28: 2 | AC28: 0 | AD28: 0 | AE28: 0 | AF28: 0 | AG28: 0 | AH28: 0 | AI28: 1 | AJ28: 1 | AK28: 2 | AL28: 0 | AM28: 0 | AN28: PACUL | AO28: 1 | AP28: =IFERROR(IF(AN28="CIKDITIRO",VLOOKUP(A28,'BR DTG CIKDITIRO'!C:E,3,0),IF(FR_HITUNG_MINMAX!AN28="PESALAKAN",VLOOKUP(FR_HITUNG_MINMAX!A28,'BR DTG ADW'!C:E,3,0),IF(FR_HITUNG_MINMAX!AN28="PACUL",VLOOKUP(FR_HITUNG_MINMAX!A28,'BR DTG PACUL'!C:E,3,0),IF(FR_HITUNG_MINMAX!AN28="TRAYEMAN",VLOOKUP(FR_HITUNG_MINMAX!A28,'BR DTG TRAYEMAN'!C:E,3,0),"?")))),0) -> 0 | AQ28: =IF(AN28="PACUL",VLOOKUP(A28,'STOK PACUL'!C:H,6,0),IF(FR_HITUNG_MINMAX!AN28="PESALAKAN",VLOOKUP(FR_HITUNG_MINMAX!A28,'STOK PESALAKAN'!C:H,6,0),IF(FR_HITUNG_MINMAX!AN28="CIKDITIRO",VLOOKUP(FR_HITUNG_MINMAX!A28,'STOK CIKDITIRO'!C:H,6,0),IF(FR_HITUNG_MINMAX!AN28="TRAYEMAN",VLOOKUP(FR_HITUNG_MINMAX!A28,'STOK TRAYEMAN'!C:H,6,0),"?")))) -> 1 | AR28: =IFERROR(AQ28,AO28+AP28) -> 1 | AS28: =ROUNDUP(AL28/2,0) -> 0 | AT28: =COUNTIF(A:A,A28) -> 4
A29: 12206-K97-N00 | B29: SELANG RADIATOR 4 ARAH H.VARIO 125 ESP/150/PCX ORI | C29: NOSTOK | D29: ORISIN | E29: D | F29: 45000 | G29: 1 | J29: 1 | K29: 1 | L29: 0 | M29: 0 | N29: 0 | O29: 0 | P29: 0 | Q29: 0 | R29: 1 | S29: 0 | T29: 0 | U29: 0 | V29: 0 | W29: 0 | X29: 1 | Y29: 0 | Z29: 0 | AA29: 0 | AB29: 0 | AC29: 0 | AD29: 1 | AE29: 1 | AF29: 0 | AG29: 0 | AH29: 0 | AI29: 0 | AJ29: 0 | AK29: 1 | AL29: 0 | AM29: 0 | AN29: PACUL | AO29: 0 | AP29: =IFERROR(IF(AN29="CIKDITIRO",VLOOKUP(A29,'BR DTG CIKDITIRO'!C:E,3,0),IF(FR_HITUNG_MINMAX!AN29="PESALAKAN",VLOOKUP(FR_HITUNG_MINMAX!A29,'BR DTG ADW'!C:E,3,0),IF(FR_HITUNG_MINMAX!AN29="PACUL",VLOOKUP(FR_HITUNG_MINMAX!A29,'BR DTG PACUL'!C:E,3,0),IF(FR_HITUNG_MINMAX!AN29="TRAYEMAN",VLOOKUP(FR_HITUNG_MINMAX!A29,'BR DTG TRAYEMAN'!C:E,3,0),"?")))),0) -> 0 | AQ29: =IF(AN29="PACUL",VLOOKUP(A29,'STOK PACUL'!C:H,6,0),IF(FR_HITUNG_MINMAX!AN29="PESALAKAN",VLOOKUP(FR_HITUNG_MINMAX!A29,'STOK PESALAKAN'!C:H,6,0),IF(FR_HITUNG_MINMAX!AN29="CIKDITIRO",VLOOKUP(FR_HITUNG_MINMAX!A29,'STOK CIKDITIRO'!C:H,6,0),IF(FR_HITUNG_MINMAX!AN29="TRAYEMAN",VLOOKUP(FR_HITUNG_MINMAX!A29,'STOK TRAYEMAN'!C:H,6,0),"?")))) -> 0 | AR29: =IFERROR(AQ29,AO29+AP29) -> 0 | AS29: =ROUNDUP(AL29/2,0) -> 0 | AT29: =COUNTIF(A:A,A29) -> 1
A30: 12209-GB4-682 | B30: SEAL KLEP H.ORI | C30: MESIN | D30: ORISIN | E30: C | F30: 7500 | G30: 1 | H30: GSM | I30: NSA | J30: 2 | K30: 1 | L30: 0 | M30: 0 | N30: 2 | O30: 2 | P30: 0 | Q30: 0 | R30: 2 | S30: 0 | T30: 0 | U30: 2 | V30: 0 | W30: 2 | X30: 2 | Y30: 0 | Z30: 2 | AA30: 4 | AB30: 2 | AC30: 0 | AD30: 2 | AE30: 2 | AF30: 0 | AG30: 2 | AH30: 2 | AI30: 2 | AJ30: 2 | AK30: 4 | AL30: 2 | AM30: 4 | AN30: PACUL | AO30: 4 | AP30: =IFERROR(IF(AN30="CIKDITIRO",VLOOKUP(A30,'BR DTG CIKDITIRO'!C:E,3,0),IF(FR_HITUNG_MINMAX!AN30="PESALAKAN",VLOOKUP(FR_HITUNG_MINMAX!A30,'BR DTG ADW'!C:E,3,0),IF(FR_HITUNG_MINMAX!AN30="PACUL",VLOOKUP(FR_HITUNG_MINMAX!A30,'BR DTG PACUL'!C:E,3,0),IF(FR_HITUNG_MINMAX!AN30="TRAYEMAN",VLOOKUP(FR_HITUNG_MINMAX!A30,'BR DTG TRAYEMAN'!C:E,3,0),"?")))),0) -> 0 | AQ30: =IF(AN30="PACUL",VLOOKUP(A30,'STOK PACUL'!C:H,6,0),IF(FR_HITUNG_MINMAX!AN30="PESALAKAN",VLOOKUP(FR_HITUNG_MINMAX!A30,'STOK PESALAKAN'!C:H,6,0),IF(FR_HITUNG_MINMAX!AN30="CIKDITIRO",VLOOKUP(FR_HITUNG_MINMAX!A30,'STOK CIKDITIRO'!C:H,6,0),IF(FR_HITUNG_MINMAX!AN30="TRAYEMAN",VLOOKUP(FR_HITUNG_MINMAX!A30,'STOK TRAYEMAN'!C:H,6,0),"?")))) -> 4 | AR30: =IFERROR(AQ30,AO30+AP30) -> 4 | AS30: =ROUNDUP(AL30/2,0) -> 1 | AT30: =COUNTIF(A:A,A30) -> 4
A31: 12251-GGC-901 | B31: PERPAK HEAD H.BEAT FI ESP ORI | C31: NOSTOK | D31: ORISIN | E31: D | F31: 14000 | G31: 1 | J31: 1 | K31: 1 | L31: 0 | M31: 0 | N31: 0 | O31: 0 | P31: 0 | Q31: 0 | R31: 0 | S31: 0 | T31: 0 | U31: 1 | V31: 0 | W31: 0 | X31: 1 | Y31: 0 | Z31: 0 | AA31: 0 | AB31: 0 | AC31: 0 | AD31: 0 | AE31: 0 | AF31: 0 | AG31: 1 | AH31: 1 | AI31: 0 | AJ31: 0 | AK31: 1 | AL31: 0 | AM31: 0 | AN31: PACUL | AO31: 1 | AP31: =IFERROR(IF(AN31="CIKDITIRO",VLOOKUP(A31,'BR DTG CIKDITIRO'!C:E,3,0),IF(FR_HITUNG_MINMAX!AN31="PESALAKAN",VLOOKUP(FR_HITUNG_MINMAX!A31,'BR DTG ADW'!C:E,3,0),IF(FR_HITUNG_MINMAX!AN31="PACUL",VLOOKUP(FR_HITUNG_MINMAX!A31,'BR DTG PACUL'!C:E,3,0),IF(FR_HITUNG_MINMAX!AN31="TRAYEMAN",VLOOKUP(FR_HITUNG_MINMAX!A31,'BR DTG TRAYEMAN'!C:E,3,0),"?")))),0) -> 0 | AQ31: =IF(AN31="PACUL",VLOOKUP(A31,'STOK PACUL'!C:H,6,0),IF(FR_HITUNG_MINMAX!AN31="PESALAKAN",VLOOKUP(FR_HITUNG_MINMAX!A31,'STOK PESALAKAN'!C:H,6,0),IF(FR_HITUNG_MINMAX!AN31="CIKDITIRO",VLOOKUP(FR_HITUNG_MINMAX!A31,'STOK CIKDITIRO'!C:H,6,0),IF(FR_HITUNG_MINMAX!AN31="TRAYEMAN",VLOOKUP(FR_HITUNG_MINMAX!A31,'STOK TRAYEMAN'!C:H,6,0),"?")))) -> 1 | AR31: =IFERROR(AQ31,AO31+AP31) -> 1 | AS31: =ROUNDUP(AL31/2,0) -> 0 | AT31: =COUNTIF(A:A,A31) -> 3
A32: 12251-K12-901 | B32: PERPAK HEAD H.VARIO 125 | C32: NOSTOK | D32: ORISIN | E32: D | F32: 22000 | G32: 1 | J32: 1 | K32: 1 | L32: 0 | M32: 0 | N32: 0 | O32: 1 | P32: 0 | Q32: 0 | R32: 0 | S32: 0 | T32: 0 | U32: 0 | V32: 0 | W32: 1 | X32: 1 | Y32: 0 | Z32: 0 | AA32: 1 | AB32: 1 | AC32: 0 | AD32: 0 | AE32: 0 | AF32: 0 | AG32: 0 | AH32: 0 | AI32: 1 | AJ32: 1 | AK32: 1 | AL32: 0 | AM32: 0 | AN32: PACUL | AO32: 1 | AP32: =IFERROR(IF(AN32="CIKDITIRO",VLOOKUP(A32,'BR DTG CIKDITIRO'!C:E,3,0),IF(FR_HITUNG_MINMAX!AN32="PESALAKAN",VLOOKUP(FR_HITUNG_MINMAX!A32,'BR DTG ADW'!C:E,3,0),IF(FR_HITUNG_MINMAX!AN32="PACUL",VLOOKUP(FR_HITUNG_MINMAX!A32,'BR DTG PACUL'!C:E,3,0),IF(FR_HITUNG_MINMAX!AN32="TRAYEMAN",VLOOKUP(FR_HITUNG_MINMAX!A32,'BR DTG TRAYEMAN'!C:E,3,0),"?")))),0) -> 0 | AQ32: =IF(AN32="PACUL",VLOOKUP(A32,'STOK PACUL'!C:H,6,0),IF(FR_HITUNG_MINMAX!AN32="PESALAKAN",VLOOKUP(FR_HITUNG_MINMAX!A32,'STOK PESALAKAN'!C:H,6,0),IF(FR_HITUNG_MINMAX!AN32="CIKDITIRO",VLOOKUP(FR_HITUNG_MINMAX!A32,'STOK CIKDITIRO'!C:H,6,0),IF(FR_HITUNG_MINMAX!AN32="TRAYEMAN",VLOOKUP(FR_HITUNG_MINMAX!A32,'STOK TRAYEMAN'!C:H,6,0),"?")))) -> 1 | AR32: =IFERROR(AQ32,AO32+AP32) -> 1 | AS32: =ROUNDUP(AL32/2,0) -> 0 | AT32: =COUNTIF(A:A,A32) -> 3
A33: 12361-035-000 | B33: TUTUP KLEP GRAND AHM | C33: BAUD | D33: ORISIN | E33: D | F33: 9500 | G33: 1 | H33: GSM | J33: 1 | K33: 1 | L33: 0 | M33: 0 | N33: 0 | O33: 0 | P33: 0 | Q33: 0 | R33: 1 | S33: 0 | T33: 0 | U33: 0 | V33: 0 | W33: 0 | X33: 1 | Y33: 0 | Z33: 0 | AA33: 0 | AB33: 0 | AC33: 0 | AD33: 1 | AE33: 1 | AF33: 0 | AG33: 0 | AH33: 0 | AI33: 0 | AJ33: 0 | AK33: 1 | AL33: 1 | AM33: 2 | AN33: PACUL | AO33: 2 | AP33: =IFERROR(IF(AN33="CIKDITIRO",VLOOKUP(A33,'BR DTG CIKDITIRO'!C:E,3,0),IF(FR_HITUNG_MINMAX!AN33="PESALAKAN",VLOOKUP(FR_HITUNG_MINMAX!A33,'BR DTG ADW'!C:E,3,0),IF(FR_HITUNG_MINMAX!AN33="PACUL",VLOOKUP(FR_HITUNG_MINMAX!A33,'BR DTG PACUL'!C:E,3,0),IF(FR_HITUNG_MINMAX!AN33="TRAYEMAN",VLOOKUP(FR_HITUNG_MINMAX!A33,'BR DTG TRAYEMAN'!C:E,3,0),"?")))),0) -> 0 | AQ33: =IF(AN33="PACUL",VLOOKUP(A33,'STOK PACUL'!C:H,6,0),IF(FR_HITUNG_MINMAX!AN33="PESALAKAN",VLOOKUP(FR_HITUNG_MINMAX!A33,'STOK PESALAKAN'!C:H,6,0),IF(FR_HITUNG_MINMAX!AN33="CIKDITIRO",VLOOKUP(FR_HITUNG_MINMAX!A33,'STOK CIKDITIRO'!C:H,6,0),IF(FR_HITUNG_MINMAX!AN33="TRAYEMAN",VLOOKUP(FR_HITUNG_MINMAX!A33,'STOK TRAYEMAN'!C:H,6,0),"?")))) -> 2 | AR33: =IFERROR(AQ33,AO33+AP33) -> 2 | AS33: =ROUNDUP(AL33/2,0) -> 1 | AT33: =COUNTIF(A:A,A33) -> 3
A34: 12391-K25-601 | B34: SEAL HEAD H.BEAT FI ESP ORI | C34: KARET & SELANG | D34: ORISIN | E34: B | F34: 29000 | G34: 1 | H34: SLT | I34: NSA | J34: 1 | K34: 1 | L34: 0 | M34: 0 | N34: 2 | O34: 0 | P34: 0 | Q34: 0 | R34: 1 | S34: 1 | T34: 0 | U34: 2 | V34: 1 | W34: 1 | X34: 2 | Y34: 0 | Z34: 2 | AA34: 2 | AB34: 0 | AC34: 0 | AD34: 1 | AE34: 2 | AF34: 1 | AG34: 3 | AH34: 3 | AI34: 2 | AJ34: 1 | AK34: 3 | AL34: 2 | AM34: 3 | AN34: PACUL | AO34: 2 | AP34: =IFERROR(IF(AN34="CIKDITIRO",VLOOKUP(A34,'BR DTG CIKDITIRO'!C:E,3,0),IF(FR_HITUNG_MINMAX!AN34="PESALAKAN",VLOOKUP(FR_HITUNG_MINMAX!A34,'BR DTG ADW'!C:E,3,0),IF(FR_HITUNG_MINMAX!AN34="PACUL",VLOOKUP(FR_HITUNG_MINMAX!A34,'BR DTG PACUL'!C:E,3,0),IF(FR_HITUNG_MINMAX!AN34="TRAYEMAN",VLOOKUP(FR_HITUNG_MINMAX!A34,'BR DTG TRAYEMAN'!C:E,3,0),"?")))),0) -> 0 | AQ34: =IF(AN34="PACUL",VLOOKUP(A34,'STOK PACUL'!C:H,6,0),IF(FR_HITUNG_MINMAX!AN34="PESALAKAN",VLOOKUP(FR_HITUNG_MINMAX!A34,'STOK PESALAKAN'!C:H,6,0),IF(FR_HITUNG_MINMAX!AN34="CIKDITIRO",VLOOKUP(FR_HITUNG_MINMAX!A34,'STOK CIKDITIRO'!C:H,6,0),IF(FR_HITUNG_MINMAX!AN34="TRAYEMAN",VLOOKUP(FR_HITUNG_MINMAX!A34,'STOK TRAYEMAN'!C:H,6,0),"?")))) -> 2 | AR34: =IFERROR(AQ34,AO34+AP34) -> 2 | AS34: =ROUNDUP(AL34/2,0) -> 1 | AT34: =COUNTIF(A:A,A34) -> 4
A35: 12391-K66-V01 | B35: SEAL HEAD H.VARIO 125 NEW ORI | C35: NOSTOK | D35: ORISIN | E35: D | F35: 39000 | G35: 1 | J35: 1 | K35: 1 | L35: 0 | M35: 0 | N35: 0 | O35: 1 | P35: 0 | Q35: 0 | R35: 0 | S35: 0 | T35: 0 | U35: 0 | V35: 0 | W35: 0 | X35: 1 | Y35: 0 | Z35: 0 | AA35: 1 | AB35: 1 | AC35: 0 | AD35: 0 | AE35: 0 | AF35: 0 | AG35: 0 | AH35: 0 | AI35: 0 | AJ35: 0 | AK35: 1 | AL35: 0 | AM35: 0 | AN35: PACUL | AO35: 1 | AP35: =IFERROR(IF(AN35="CIKDITIRO",VLOOKUP(A35,'BR DTG CIKDITIRO'!C:E,3,0),IF(FR_HITUNG_MINMAX!AN35="PESALAKAN",VLOOKUP(FR_HITUNG_MINMAX!A35,'BR DTG ADW'!C:E,3,0),IF(FR_HITUNG_MINMAX!AN35="PACUL",VLOOKUP(FR_HITUNG_MINMAX!A35,'BR DTG PACUL'!C:E,3,0),IF(FR_HITUNG_MINMAX!AN35="TRAYEMAN",VLOOKUP(FR_HITUNG_MINMAX!A35,'BR DTG TRAYEMAN'!C:E,3,0),"?")))),0) -> 0 | AQ35: =IF(AN35="PACUL",VLOOKUP(A35,'STOK PACUL'!C:H,6,0),IF(FR_HITUNG_MINMAX!AN35="PESALAKAN",VLOOKUP(FR_HITUNG_MINMAX!A35,'STOK PESALAKAN'!C:H,6,0),IF(FR_HITUNG_MINMAX!AN35="CIKDITIRO",VLOOKUP(FR_HITUNG_MINMAX!A35,'STOK CIKDITIRO'!C:H,6,0),IF(FR_HITUNG_MINMAX!AN35="TRAYEMAN",VLOOKUP(FR_HITUNG_MINMAX!A35,'STOK TRAYEMAN'!C:H,6,0),"?")))) -> 1 | AR35: =IFERROR(AQ35,AO35+AP35) -> 1 | AS35: =ROUNDUP(AL35/2,0) -> 0 | AT35: =COUNTIF(A:A,A35) -> 2
A36: 12391-KVB-900 | B36: SEAL HEAD H.VARIO CARBU ORI | C36: NOSTOK | D36: ORISIN | E36: D | F36: 27500 | G36: 1 | H36: SLT | I36: NSA | J36: 1 | K36: 1 | L36: 0 | M36: 0 | N36: 0 | O36: 1 | P36: 0 | Q36: 0 | R36: 0 | S36: 1 | T36: 0 | U36: 0 | V36: 1 | W36: 0 | X36: 1 | Y36: 0 | Z36: 0 | AA36: 1 | AB36: 1 | AC36: 0 | AD36: 0 | AE36: 1 | AF36: 1 | AG36: 1 | AH36: 1 | AI36: 1 | AJ36: 0 | AK36: 1 | AL36: 0 | AM36: 0 | AN36: PACUL | AO36: 0 | AP36: =IFERROR(IF(AN36="CIKDITIRO",VLOOKUP(A36,'BR DTG CIKDITIRO'!C:E,3,0),IF(FR_HITUNG_MINMAX!AN36="PESALAKAN",VLOOKUP(FR_HITUNG_MINMAX!A36,'BR DTG ADW'!C:E,3,0),IF(FR_HITUNG_MINMAX!AN36="PACUL",VLOOKUP(FR_HITUNG_MINMAX!A36,'BR DTG PACUL'!C:E,3,0),IF(FR_HITUNG_MINMAX!AN36="TRAYEMAN",VLOOKUP(FR_HITUNG_MINMAX!A36,'BR DTG TRAYEMAN'!C:E,3,0),"?")))),0) -> 0 | AQ36: =IF(AN36="PACUL",VLOOKUP(A36,'STOK PACUL'!C:H,6,0),IF(FR_HITUNG_MINMAX!AN36="PESALAKAN",VLOOKUP(FR_HITUNG_MINMAX!A36,'STOK PESALAKAN'!C:H,6,0),IF(FR_HITUNG_MINMAX!AN36="CIKDITIRO",VLOOKUP(FR_HITUNG_MINMAX!A36,'STOK CIKDITIRO'!C:H,6,0),IF(FR_HITUNG_MINMAX!AN36="TRAYEMAN",VLOOKUP(FR_HITUNG_MINMAX!A36,'STOK TRAYEMAN'!C:H,6,0),"?")))) -> 0 | AR36: =IFERROR(AQ36,AO36+AP36) -> 0 | AS36: =ROUNDUP(AL36/2,0) -> 0 | AT36: =COUNTIF(A:A,A36) -> 2
A37: 12391-KZR-600 | B37: SEAL HEAD H.VARIO 125 ORI | C37: KARET & SELANG | D37: ORISIN | E37: D | F37: 55000 | G37: 1 | H37: SLT | I37: NSA | J37: 1 | K37: 1 | L37: 0 | M37: 0 | N37: 0 | O37: 0 | P37: 0 | Q37: 0 | R37: 1 | S37: 0 | T37: 0 | U37: 0 | V37: 0 | W37: 1 | X37: 1 | Y37: 0 | Z37: 0 | AA37: 0 | AB37: 0 | AC37: 0 | AD37: 1 | AE37: 1 | AF37: 0 | AG37: 0 | AH37: 0 | AI37: 1 | AJ37: 1 | AK37: 1 | AL37: 1 | AM37: 1 | AN37: PACUL | AO37: 3 | AP37: =IFERROR(IF(AN37="CIKDITIRO",VLOOKUP(A37,'BR DTG CIKDITIRO'!C:E,3,0),IF(FR_HITUNG_MINMAX!AN37="PESALAKAN",VLOOKUP(FR_HITUNG_MINMAX!A37,'BR DTG ADW'!C:E,3,0),IF(FR_HITUNG_MINMAX!AN37="PACUL",VLOOKUP(FR_HITUNG_MINMAX!A37,'BR DTG PACUL'!C:E,3,0),IF(FR_HITUNG_MINMAX!AN37="TRAYEMAN",VLOOKUP(FR_HITUNG_MINMAX!A37,'BR DTG TRAYEMAN'!C:E,3,0),"?")))),0) -> 0 | AQ37: =IF(AN37="PACUL",VLOOKUP(A37,'STOK PACUL'!C:H,6,0),IF(FR_HITUNG_MINMAX!AN37="PESALAKAN",VLOOKUP(FR_HITUNG_MINMAX!A37,'STOK PESALAKAN'!C:H,6,0),IF(FR_HITUNG_MINMAX!AN37="CIKDITIRO",VLOOKUP(FR_HITUNG_MINMAX!A37,'STOK CIKDITIRO'!C:H,6,0),IF(FR_HITUNG_MINMAX!AN37="TRAYEMAN",VLOOKUP(FR_HITUNG_MINMAX!A37,'STOK TRAYEMAN'!C:H,6,0),"?")))) -> 3 | AR37: =IFERROR(AQ37,AO37+AP37) -> 3 | AS37: =ROUNDUP(AL37/2,0) -> 1 | AT37: =COUNTIF(A:A,A37) -> 4
A38: 131A1-KWN-902 | B38: SEHER SET STD VARIO 125 AHM | C38: NOSTOK | D38: ORISIN | E38: D | F38: 132000 | G38: 1 | H38: SLT | J38: 1 | K38: 1 | L38: 0 | M38: 0 | N38: 0 | O38: 1 | P38: 0 | Q38: 0 | R38: 0 | S38: 0 | T38: 0 | U38: 0 | V38: 0 | W38: 0 | X38: 1 | Y38: 0 | Z38: 0 | AA38: 1 | AB38: 1 | AC38: 0 | AD38: 0 | AE38: 0 | AF38: 0 | AG38: 0 | AH38: 0 | AI38: 0 | AJ38: 0 | AK38: 1 | AL38: 0 | AM38: 0 | AN38: PACUL | AO38: 0 | AP38: =IFERROR(IF(AN38="CIKDITIRO",VLOOKUP(A38,'BR DTG CIKDITIRO'!C:E,3,0),IF(FR_HITUNG_MINMAX!AN38="PESALAKAN",VLOOKUP(FR_HITUNG_MINMAX!A38,'BR DTG ADW'!C:E,3,0),IF(FR_HITUNG_MINMAX!AN38="PACUL",VLOOKUP(FR_HITUNG_MINMAX!A38,'BR DTG PACUL'!C:E,3,0),IF(FR_HITUNG_MINMAX!AN38="TRAYEMAN",VLOOKUP(FR_HITUNG_MINMAX!A38,'BR DTG TRAYEMAN'!C:E,3,0),"?")))),0) -> 0 | AQ38: =IF(AN38="PACUL",VLOOKUP(A38,'STOK PACUL'!C:H,6,0),IF(FR_HITUNG_MINMAX!AN38="PESALAKAN",VLOOKUP(FR_HITUNG_MINMAX!A38,'STOK PESALAKAN'!C:H,6,0),IF(FR_HITUNG_MINMAX!AN38="CIKDITIRO",VLOOKUP(FR_HITUNG_MINMAX!A38,'STOK CIKDITIRO'!C:H,6,0),IF(FR_HITUNG_MINMAX!AN38="TRAYEMAN",VLOOKUP(FR_HITUNG_MINMAX!A38,'STOK TRAYEMAN'!C:H,6,0),"?")))) -> 0 | AR38: =IFERROR(AQ38,AO38+AP38) -> 0 | AS38: =ROUNDUP(AL38/2,0) -> 0 | AT38: =COUNTIF(A:A,A38) -> 1
A39: 131A3-K81-P00 | B39: PISTON KIT 0.50 H.BEAT ESP ORI | C39: NOSTOK | D39: ORISIN | E39: D | F39: 107500 | G39: 1 | J39: 1 | K39: 1 | L39: 0 | M39: 0 | N39: 1 | O39: 0 | P39: 0 | Q39: 0 | R39: 0 | S39: 0 | T39: 0 | U39: 1 | V39: 0 | W39: 0 | X39: 1 | Y39: 0 | Z39: 1 | AA39: 1 | AB39: 0 | AC39: 0 | AD39: 0 | AE39: 0 | AF39: 0 | AG39: 1 | AH39: 1 | AI39: 0 | AJ39: 0 | AK39: 1 | AL39: 0 | AM39: 0 | AN39: PACUL | AO39: 1 | AP39: =IFERROR(IF(AN39="CIKDITIRO",VLOOKUP(A39,'BR DTG CIKDITIRO'!C:E,3,0),IF(FR_HITUNG_MINMAX!AN39="PESALAKAN",VLOOKUP(FR_HITUNG_MINMAX!A39,'BR DTG ADW'!C:E,3,0),IF(FR_HITUNG_MINMAX!AN39="PACUL",VLOOKUP(FR_HITUNG_MINMAX!A39,'BR DTG PACUL'!C:E,3,0),IF(FR_HITUNG_MINMAX!AN39="TRAYEMAN",VLOOKUP(FR_HITUNG_MINMAX!A39,'BR DTG TRAYEMAN'!C:E,3,0),"?")))),0) -> 0 | AQ39: =IF(AN39="PACUL",VLOOKUP(A39,'STOK PACUL'!C:H,6,0),IF(FR_HITUNG_MINMAX!AN39="PESALAKAN",VLOOKUP(FR_HITUNG_MINMAX!A39,'STOK PESALAKAN'!C:H,6,0),IF(FR_HITUNG_MINMAX!AN39="CIKDITIRO",VLOOKUP(FR_HITUNG_MINMAX!A39,'STOK CIKDITIRO'!C:H,6,0),IF(FR_HITUNG_MINMAX!AN39="TRAYEMAN",VLOOKUP(FR_HITUNG_MINMAX!A39,'STOK TRAYEMAN'!C:H,6,0),"?")))) -> 1 | AR39: =IFERROR(AQ39,AO39+AP39) -> 1 | AS39: =ROUNDUP(AL39/2,0) -> 0 | AT39: =COUNTIF(A:A,A39) -> 2
A40: 131A3-KZL-305 | B40: PISTON KIT 0,50 BEAT FI | C40: NOSTOK | D40: ORISIN | E40: D | F40: 126000 | G40: 1 | H40: SLT | J40: 1 | K40: 1 | L40: 0 | M40: 0 | N40: 0 | O40: 0 | P40: 0 | Q40: 0 | R40: 1 | S40: 0 | T40: 0 | U40: 0 | V40: 0 | W40: 0 | X40: 1 | Y40: 0 | Z40: 0 | AA40: 0 | AB40: 0 | AC40: 0 | AD40: 1 | AE40: 1 | AF40: 0 | AG40: 0 | AH40: 0 | AI40: 0 | AJ40: 0 | AK40: 1 | AL40: 0 | AM40: 0 | AN40: PACUL | AO40: 0 | AP40: =IFERROR(IF(AN40="CIKDITIRO",VLOOKUP(A40,'BR DTG CIKDITIRO'!C:E,3,0),IF(FR_HITUNG_MINMAX!AN40="PESALAKAN",VLOOKUP(FR_HITUNG_MINMAX!A40,'BR DTG ADW'!C:E,3,0),IF(FR_HITUNG_MINMAX!AN40="PACUL",VLOOKUP(FR_HITUNG_MINMAX!A40,'BR DTG PACUL'!C:E,3,0),IF(FR_HITUNG_MINMAX!AN40="TRAYEMAN",VLOOKUP(FR_HITUNG_MINMAX!A40,'BR DTG TRAYEMAN'!C:E,3,0),"?")))),0) -> 0 | AQ40: =IF(AN40="PACUL",VLOOKUP(A40,'STOK PACUL'!C:H,6,0),IF(FR_HITUNG_MINMAX!AN40="PESALAKAN",VLOOKUP(FR_HITUNG_MINMAX!A40,'STOK PESALAKAN'!C:H,6,0),IF(FR_HITUNG_MINMAX!AN40="CIKDITIRO",VLOOKUP(FR_HITUNG_MINMAX!A40,'STOK CIKDITIRO'!C:H,6,0),IF(FR_HITUNG_MINMAX!AN40="TRAYEMAN",VLOOKUP(FR_HITUNG_MINMAX!A40,'STOK TRAYEMAN'!C:H,6,0),"?")))) -> 0 | AR40: =IFERROR(AQ40,AO40+AP40) -> 0 | AS40: =ROUNDUP(AL40/2,0) -> 0 | AT40: =COUNTIF(A:A,A40) -> 2
A41: 131A4-KWN-902 | B41: PISTON KIT (0.75)/ SEHER SET H.VARIO 125 ORI | D41: ORISIN | E41: D | F41: 124500 | G41: 1 | J41: 1 | K41: 1 | L41: 0 | M41: 0 | N41: 0 | O41: 0 | P41: 0 | Q41: 0 | R41: 0 | S41: 0 | T41: 0 | U41: 0 | V41: 0 | W41: 1 | X41: 1 | Y41: 0 | Z41: 0 | AA41: 0 | AB41: 0 | AC41: 0 | AD41: 0 | AE41: 0 | AF41: 0 | AG41: 0 | AH41: 0 | AI41: 1 | AJ41: 1 | AK41: 1 | AL41: 1 | AM41: 1 | AN41: PACUL | AO41: 0 | AP41: =IFERROR(IF(AN41="CIKDITIRO",VLOOKUP(A41,'BR DTG CIKDITIRO'!C:E,3,0),IF(FR_HITUNG_MINMAX!AN41="PESALAKAN",VLOOKUP(FR_HITUNG_MINMAX!A41,'BR DTG ADW'!C:E,3,0),IF(FR_HITUNG_MINMAX!AN41="PACUL",VLOOKUP(FR_HITUNG_MINMAX!A41,'BR DTG PACUL'!C:E,3,0),IF(FR_HITUNG_MINMAX!AN41="TRAYEMAN",VLOOKUP(FR_HITUNG_MINMAX!A41,'BR DTG TRAYEMAN'!C:E,3,0),"?")))),0) -> 0 | AQ41: =IF(AN41="PACUL",VLOOKUP(A41,'STOK PACUL'!C:H,6,0),IF(FR_HITUNG_MINMAX!AN41="PESALAKAN",VLOOKUP(FR_HITUNG_MINMAX!A41,'STOK PESALAKAN'!C:H,6,0),IF(FR_HITUNG_MINMAX!AN41="CIKDITIRO",VLOOKUP(FR_HITUNG_MINMAX!A41,'STOK CIKDITIRO'!C:H,6,0),IF(FR_HITUNG_MINMAX!AN41="TRAYEMAN",VLOOKUP(FR_HITUNG_MINMAX!A41,'STOK TRAYEMAN'!C:H,6,0),"?")))) -> 0 | AR41: =IFERROR(AQ41,AO41+AP41) -> 0 | AS41: =ROUNDUP(AL41/2,0) -> 1 | AT41: =COUNTIF(A:A,A41) -> 1
A42: 14510-KVB-900 | B42: KARET TENSIONER H.BEAT ORI | C42: NOSTOK | D42: ORISIN | E42: D | F42: 42000 | G42: 1 | J42: 1 | K42: 1 | L42: 0 | M42: 0 | N42: 0 | O42: 0 | P42: 0 | Q42: 0 | R42: 1 | S42: 0 | T42: 0 | U42: 1 | V42: 0 | W42: 0 | X42: 1 | Y42: 0 | Z42: 0 | AA42: 0 | AB42: 0 | AC42: 0 | AD42: 1 | AE42: 1 | AF42: 0 | AG42: 1 | AH42: 1 | AI42: 0 | AJ42: 0 | AK42: 1 | AL42: 0 | AM42: 0 | AN42: PACUL | AO42: 0 | AP42: =IFERROR(IF(AN42="CIKDITIRO",VLOOKUP(A42,'BR DTG CIKDITIRO'!C:E,3,0),IF(FR_HITUNG_MINMAX!AN42="PESALAKAN",VLOOKUP(FR_HITUNG_MINMAX!A42,'BR DTG ADW'!C:E,3,0),IF(FR_HITUNG_MINMAX!AN42="PACUL",VLOOKUP(FR_HITUNG_MINMAX!A42,'BR DTG PACUL'!C:E,3,0),IF(FR_HITUNG_MINMAX!AN42="TRAYEMAN",VLOOKUP(FR_HITUNG_MINMAX!A42,'BR DTG TRAYEMAN'!C:E,3,0),"?")))),0) -> 0 | AQ42: =IF(AN42="PACUL",VLOOKUP(A42,'STOK PACUL'!C:H,6,0),IF(FR_HITUNG_MINMAX!AN42="PESALAKAN",VLOOKUP(FR_HITUNG_MINMAX!A42,'STOK PESALAKAN'!C:H,6,0),IF(FR_HITUNG_MINMAX!AN42="CIKDITIRO",VLOOKUP(FR_HITUNG_MINMAX!A42,'STOK CIKDITIRO'!C:H,6,0),IF(FR_HITUNG_MINMAX!AN42="TRAYEMAN",VLOOKUP(FR_HITUNG_MINMAX!A42,'STOK TRAYEMAN'!C:H,6,0),"?")))) -> 0 | AR42: =IFERROR(AQ42,AO42+AP42) -> 0 | AS42: =ROUNDUP(AL42/2,0) -> 0 | AT42: =COUNTIF(A:A,A42) -> 1
A43: 14520-GFC-771 | B43: TENSIONER H.VARIO 125 ORI | C43: MESIN | D43: ORISIN | E43: D | F43: 75500 | G43: 1 | H43: NSA | I43: NSA | J43: 1 | K43: 1 | L43: 0 | M43: 0 | N43: 0 | O43: 0 | P43: 0 | Q43: 0 | R43: 0 | S43: 0 | T43: 0 | U43: 1 | V43: 0 | W43: 0 | X43: 1 | Y43: 0 | Z43: 0 | AA43: 0 | AB43: 0 | AC43: 0 | AD43: 0 | AE43: 0 | AF43: 0 | AG43: 1 | AH43: 1 | AI43: 0 | AJ43: 0 | AK43: 1 | AL43: 1 | AM43: 1 | AN43: PACUL | AO43: 0 | AP43: =IFERROR(IF(AN43="CIKDITIRO",VLOOKUP(A43,'BR DTG CIKDITIRO'!C:E,3,0),IF(FR_HITUNG_MINMAX!AN43="PESALAKAN",VLOOKUP(FR_HITUNG_MINMAX!A43,'BR DTG ADW'!C:E,3,0),IF(FR_HITUNG_MINMAX!AN43="PACUL",VLOOKUP(FR_HITUNG_MINMAX!A43,'BR DTG PACUL'!C:E,3,0),IF(FR_HITUNG_MINMAX!AN43="TRAYEMAN",VLOOKUP(FR_HITUNG_MINMAX!A43,'BR DTG TRAYEMAN'!C:E,3,0),"?")))),0) -> 0 | AQ43: =IF(AN43="PACUL",VLOOKUP(A43,'STOK PACUL'!C:H,6,0),IF(FR_HITUNG_MINMAX!AN43="PESALAKAN",VLOOKUP(FR_HITUNG_MINMAX!A43,'STOK PESALAKAN'!C:H,6,0),IF(FR_HITUNG_MINMAX!AN43="CIKDITIRO",VLOOKUP(FR_HITUNG_MINMAX!A43,'STOK CIKDITIRO'!C:H,6,0),IF(FR_HITUNG_MINMAX!AN43="TRAYEMAN",VLOOKUP(FR_HITUNG_MINMAX!A43,'STOK TRAYEMAN'!C:H,6,0),"?")))) -> 0 | AR43: =IFERROR(AQ43,AO43+AP43) -> 0 | AS43: =ROUNDUP(AL43/2,0) -> 1 | AT43: =COUNTIF(A:A,A43) -> 2
A44: 14611-KVB-900 | B44: TENSIONER PANJANG H.VARIO CARBU AHM | C44: NOSTOK | D44: ORISIN | E44: D | F44: 8800 | G44: 1 | J44: 1 | K44: 1 | L44: 0 | M44: 0 | N44: 0 | O44: 0 | P44: 0 | Q44: 0 | R44: 1 | S44: 0 | T44: 0 | U44: 1 | V44: 0 | W44: 0 | X44: 1 | Y44: 0 | Z44: 0 | AA44: 0 | AB44: 0 | AC44: 0 | AD44: 1 | AE44: 1 | AF44: 0 | AG44: 1 | AH44: 1 | AI44: 0 | AJ44: 0 | AK44: 1 | AL44: 0 | AM44: 0 | AN44: PACUL | AO44: 0 | AP44: =IFERROR(IF(AN44="CIKDITIRO",VLOOKUP(A44,'BR DTG CIKDITIRO'!C:E,3,0),IF(FR_HITUNG_MINMAX!AN44="PESALAKAN",VLOOKUP(FR_HITUNG_MINMAX!A44,'BR DTG ADW'!C:E,3,0),IF(FR_HITUNG_MINMAX!AN44="PACUL",VLOOKUP(FR_HITUNG_MINMAX!A44,'BR DTG PACUL'!C:E,3,0),IF(FR_HITUNG_MINMAX!AN44="TRAYEMAN",VLOOKUP(FR_HITUNG_MINMAX!A44,'BR DTG TRAYEMAN'!C:E,3,0),"?")))),0) -> 0 | AQ44: =IF(AN44="PACUL",VLOOKUP(A44,'STOK PACUL'!C:H,6,0),IF(FR_HITUNG_MINMAX!AN44="PESALAKAN",VLOOKUP(FR_HITUNG_MINMAX!A44,'STOK PESALAKAN'!C:H,6,0),IF(FR_HITUNG_MINMAX!AN44="CIKDITIRO",VLOOKUP(FR_HITUNG_MINMAX!A44,'STOK CIKDITIRO'!C:H,6,0),IF(FR_HITUNG_MINMAX!AN44="TRAYEMAN",VLOOKUP(FR_HITUNG_MINMAX!A44,'STOK TRAYEMAN'!C:H,6,0),"?")))) -> 0 | AR44: =IFERROR(AQ44,AO44+AP44) -> 0 | AS44: =ROUNDUP(AL44/2,0) -> 0 | AT44: =COUNTIF(A:A,A44) -> 1
A45: 16016-K03-H11 | B45: SETELAN ANGIN H.BEAT ORI | C45: BAUD | D45: ORISIN | E45: D | F45: 12300 | G45: 1 | H45: SLT | I45: NSA | J45: 1 | K45: 1 | L45: 0 | M45: 0 | N45: 0 | O45: 1 | P45: 0 | Q45: 0 | R45: 0 | S45: 0 | T45: 0 | U45: 0 | V45: 0 | W45: 0 | X45: 1 | Y45: 0 | Z45: 0 | AA45: 1 | AB45: 1 | AC45: 0 | AD45: 0 | AE45: 0 | AF45: 0 | AG45: 0 | AH45: 0 | AI45: 0 | AJ45: 0 | AK45: 1 | AL45: 1 | AM45: 2 | AN45: PACUL | AO45: 2 | AP45: =IFERROR(IF(AN45="CIKDITIRO",VLOOKUP(A45,'BR DTG CIKDITIRO'!C:E,3,0),IF(FR_HITUNG_MINMAX!AN45="PESALAKAN",VLOOKUP(FR_HITUNG_MINMAX!A45,'BR DTG ADW'!C:E,3,0),IF(FR_HITUNG_MINMAX!AN45="PACUL",VLOOKUP(FR_HITUNG_MINMAX!A45,'BR DTG PACUL'!C:E,3,0),IF(FR_HITUNG_MINMAX!AN45="TRAYEMAN",VLOOKUP(FR_HITUNG_MINMAX!A45,'BR DTG TRAYEMAN'!C:E,3,0),"?")))),0) -> 0 | AQ45: =IF(AN45="PACUL",VLOOKUP(A45,'STOK PACUL'!C:H,6,0),IF(FR_HITUNG_MINMAX!AN45="PESALAKAN",VLOOKUP(FR_HITUNG_MINMAX!A45,'STOK PESALAKAN'!C:H,6,0),IF(FR_HITUNG_MINMAX!AN45="CIKDITIRO",VLOOKUP(FR_HITUNG_MINMAX!A45,'STOK CIKDITIRO'!C:H,6,0),IF(FR_HITUNG_MINMAX!AN45="TRAYEMAN",VLOOKUP(FR_HITUNG_MINMAX!A45,'STOK TRAYEMAN'!C:H,6,0),"?")))) -> 2 | AR45: =IFERROR(AQ45,AO45+AP45) -> 2 | AS45: =ROUNDUP(AL45/2,0) -> 1 | AT45: =COUNTIF(A:A,A45) -> 3
A46: 16450-K59-A11 | B46: INJEKTOR H.VARIO 150 ORI | C46: NOSTOK | D46: ORISIN | E46: D | F46: 315000 | G46: 1 | J46: 1 | K46: 1 | L46: 1 | M46: 0 | N46: 0 | O46: 0 | P46: 0 | Q46: 0 | R46: 0 | S46: 0 | T46: 0 | U46: 0 | V46: 0 | W46: 0 | X46: 1 | Y46: 1 | Z46: 0 | AA46: 0 | AB46: 0 | AC46: 0 | AD46: 0 | AE46: 0 | AF46: 0 | AG46: 0 | AH46: 0 | AI46: 0 | AJ46: 1 | AK46: 1 | AL46: 0 | AM46: 0 | AN46: PACUL | AO46: 0 | AP46: =IFERROR(IF(AN46="CIKDITIRO",VLOOKUP(A46,'BR DTG CIKDITIRO'!C:E,3,0),IF(FR_HITUNG_MINMAX!AN46="PESALAKAN",VLOOKUP(FR_HITUNG_MINMAX!A46,'BR DTG ADW'!C:E,3,0),IF(FR_HITUNG_MINMAX!AN46="PACUL",VLOOKUP(FR_HITUNG_MINMAX!A46,'BR DTG PACUL'!C:E,3,0),IF(FR_HITUNG_MINMAX!AN46="TRAYEMAN",VLOOKUP(FR_HITUNG_MINMAX!A46,'BR DTG TRAYEMAN'!C:E,3,0),"?")))),0) -> 0 | AQ46: =IF(AN46="PACUL",VLOOKUP(A46,'STOK PACUL'!C:H,6,0),IF(FR_HITUNG_MINMAX!AN46="PESALAKAN",VLOOKUP(FR_HITUNG_MINMAX!A46,'STOK PESALAKAN'!C:H,6,0),IF(FR_HITUNG_MINMAX!AN46="CIKDITIRO",VLOOKUP(FR_HITUNG_MINMAX!A46,'STOK CIKDITIRO'!C:H,6,0),IF(FR_HITUNG_MINMAX!AN46="TRAYEMAN",VLOOKUP(FR_HITUNG_MINMAX!A46,'STOK TRAYEMAN'!C:H,6,0),"?")))) -> 0 | AR46: =IFERROR(AQ46,AO46+AP46) -> 0 | AS46: =ROUNDUP(AL46/2,0) -> 0 | AT46: =COUNTIF(A:A,A46) -> 1
A47: 16450-KZR-601 | B47: INJEKTOR H.VARIO 125 ORI (16450-KZR-B21) | C47: KELISTRIKAN. STATER/ENGKOL | D47: ORISIN | E47: B | F47: 195000 | G47: 1 | H47: SLT | I47: NSA | J47: 1 | K47: 1 | L47: 0 | M47: 1 | N47: 0 | O47: 5 | P47: 0 | Q47: 2 | R47: 0 | S47: 0 | T47: 2 | U47: 1 | V47: 2 | W47: 1 | X47: 5 | Y47: 1 | Z47: 1 | AA47: 5 | AB47: 5 | AC47: 2 | AD47: 2 | AE47: 0 | AF47: 2 | AG47: 1 | AH47: 3 | AI47: 3 | AJ47: 1 | AK47: 5 | AL47: 5 | AM47: 5 | AN47: PACUL | AO47: 1 | AP47: =IFERROR(IF(AN47="CIKDITIRO",VLOOKUP(A47,'BR DTG CIKDITIRO'!C:E,3,0),IF(FR_HITUNG_MINMAX!AN47="PESALAKAN",VLOOKUP(FR_HITUNG_MINMAX!A47,'BR DTG ADW'!C:E,3,0),IF(FR_HITUNG_MINMAX!AN47="PACUL",VLOOKUP(FR_HITUNG_MINMAX!A47,'BR DTG PACUL'!C:E,3,0),IF(FR_HITUNG_MINMAX!AN47="TRAYEMAN",VLOOKUP(FR_HITUNG_MINMAX!A47,'BR DTG TRAYEMAN'!C:E,3,0),"?")))),0) -> 0 | AQ47: =IF(AN47="PACUL",VLOOKUP(A47,'STOK PACUL'!C:H,6,0),IF(FR_HITUNG_MINMAX!AN47="PESALAKAN",VLOOKUP(FR_HITUNG_MINMAX!A47,'STOK PESALAKAN'!C:H,6,0),IF(FR_HITUNG_MINMAX!AN47="CIKDITIRO",VLOOKUP(FR_HITUNG_MINMAX!A47,'STOK CIKDITIRO'!C:H,6,0),IF(FR_HITUNG_MINMAX!AN47="TRAYEMAN",VLOOKUP(FR_HITUNG_MINMAX!A47,'STOK TRAYEMAN'!C:H,6,0),"?")))) -> 1 | AR47: =IFERROR(AQ47,AO47+AP47) -> 1 | AS47: =ROUNDUP(AL47/2,0) -> 3 | AT47: =COUNTIF(A:A,A47) -> 3
A48: 17210-K0J-N00 | B48: FILTER UDARA H.GENIO ORI | C48: FILTER | D48: ORISIN | E48: B | F48: 52500 | G48: 1 | H48: SLT | I48: NSA | J48: 1 | K48: 1 | L48: 1 | M48: 2 | N48: 0 | O48: 1 | P48: 0 | Q48: 1 | R48: 1 | S48: 1 | T48: 2 | U48: 1 | V48: 1 | W48: 1 | X48: 2 | Y48: 3 | Z48: 2 | AA48: 1 | AB48: 1 | AC48: 1 | AD48: 2 | AE48: 2 | AF48: 3 | AG48: 2 | AH48: 2 | AI48: 2 | AJ48: 2 | AK48: 3 | AL48: 2 | AM48: 3 | AN48: PACUL | AO48: 0 | AP48: =IFERROR(IF(AN48="CIKDITIRO",VLOOKUP(A48,'BR DTG CIKDITIRO'!C:E,3,0),IF(FR_HITUNG_MINMAX!AN48="PESALAKAN",VLOOKUP(FR_HITUNG_MINMAX!A48,'BR DTG ADW'!C:E,3,0),IF(FR_HITUNG_MINMAX!AN48="PACUL",VLOOKUP(FR_HITUNG_MINMAX!A48,'BR DTG PACUL'!C:E,3,0),IF(FR_HITUNG_MINMAX!AN48="TRAYEMAN",VLOOKUP(FR_HITUNG_MINMAX!A48,'BR DTG TRAYEMAN'!C:E,3,0),"?")))),0) -> 0 | AQ48: =IF(AN48="PACUL",VLOOKUP(A48,'STOK PACUL'!C:H,6,0),IF(FR_HITUNG_MINMAX!AN48="PESALAKAN",VLOOKUP(FR_HITUNG_MINMAX!A48,'STOK PESALAKAN'!C:H,6,0),IF(FR_HITUNG_MINMAX!AN48="CIKDITIRO",VLOOKUP(FR_HITUNG_MINMAX!A48,'STOK CIKDITIRO'!C:H,6,0),IF(FR_HITUNG_MINMAX!AN48="TRAYEMAN",VLOOKUP(FR_HITUNG_MINMAX!A48,'STOK TRAYEMAN'!C:H,6,0),"?")))) -> 0 | AR48: =IFERROR(AQ48,AO48+AP48) -> 0 | AS48: =ROUNDUP(AL48/2,0) -> 1 | AT48: =COUNTIF(A:A,A48) -> 3
A49: 17210-K16-900 | B49: FILTER UDARA H.BEAT FI ORI | C49: FILTER | D49: ORISIN | E49: A | F49: 49000 | G49: 1 | H49: GSM | I49: NSA | J49: 1 | K49: 1 | L49: 4 | M49: 2 | N49: 4 | O49: 5 | P49: 3 | Q49: 2 | R49: 2 | S49: 2 | T49: 3 | U49: 2 | V49: 1 | W49: 2 | X49: 5 | Y49: 6 | Z49: 6 | AA49: 9 | AB49: 8 | AC49: 5 | AD49: 4 | AE49: 4 | AF49: 5 | AG49: 4 | AH49: 3 | AI49: 3 | AJ49: 6 | AK49: 9 | AL49: 5 | AM49: 9 | AN49: PACUL | AO49: 6 | AP49: =IFERROR(IF(AN49="CIKDITIRO",VLOOKUP(A49,'BR DTG CIKDITIRO'!C:E,3,0),IF(FR_HITUNG_MINMAX!AN49="PESALAKAN",VLOOKUP(FR_HITUNG_MINMAX!A49,'BR DTG ADW'!C:E,3,0),IF(FR_HITUNG_MINMAX!AN49="PACUL",VLOOKUP(FR_HITUNG_MINMAX!A49,'BR DTG PACUL'!C:E,3,0),IF(FR_HITUNG_MINMAX!AN49="TRAYEMAN",VLOOKUP(FR_HITUNG_MINMAX!A49,'BR DTG TRAYEMAN'!C:E,3,0),"?")))),0) -> 0 | AQ49: =IF(AN49="PACUL",VLOOKUP(A49,'STOK PACUL'!C:H,6,0),IF(FR_HITUNG_MINMAX!AN49="PESALAKAN",VLOOKUP(FR_HITUNG_MINMAX!A49,'STOK PESALAKAN'!C:H,6,0),IF(FR_HITUNG_MINMAX!AN49="CIKDITIRO",VLOOKUP(FR_HITUNG_MINMAX!A49,'STOK CIKDITIRO'!C:H,6,0),IF(FR_HITUNG_MINMAX!AN49="TRAYEMAN",VLOOKUP(FR_HITUNG_MINMAX!A49,'STOK TRAYEMAN'!C:H,6,0),"?")))) -> 6 | AR49: =IFERROR(AQ49,AO49+AP49) -> 6 | AS49: =ROUNDUP(AL49/2,0) -> 3 | AT49: =COUNTIF(A:A,A49) -> 4
A50: 17210-K59-A70 | B50: FILTER UDARA H.VARIO 150 LED ESP ORI | C50: FILTER | D50: ORISIN | E50: D | F50: 66000 | G50: 1 | H50: GSM | I50: NSA | J50: 1 | K50: 1 | L50: 0 | M50: 0 | N50: 0 | O50: 0 | P50: 1 | Q50: 0 | R50: 0 | S50: 2 | T50: 0 | U50: 0 | V50: 0 | W50: 0 | X50: 2 | Y50: 0 | Z50: 0 | AA50: 0 | AB50: 1 | AC50: 1 | AD50: 0 | AE50: 2 | AF50: 2 | AG50: 2 | AH50: 0 | AI50: 0 | AJ50: 0 | AK50: 2 | AL50: 2 | AM50: 2 | AN50: PACUL | AO50: 2 | AP50: =IFERROR(IF(AN50="CIKDITIRO",VLOOKUP(A50,'BR DTG CIKDITIRO'!C:E,3,0),IF(FR_HITUNG_MINMAX!AN50="PESALAKAN",VLOOKUP(FR_HITUNG_MINMAX!A50,'BR DTG ADW'!C:E,3,0),IF(FR_HITUNG_MINMAX!AN50="PACUL",VLOOKUP(FR_HITUNG_MINMAX!A50,'BR DTG PACUL'!C:E,3,0),IF(FR_HITUNG_MINMAX!AN50="TRAYEMAN",VLOOKUP(FR_HITUNG_MINMAX!A50,'BR DTG TRAYEMAN'!C:E,3,0),"?")))),0) -> 0 | AQ50: =IF(AN50="PACUL",VLOOKUP(A50,'STOK PACUL'!C:H,6,0),IF(FR_HITUNG_MINMAX!AN50="PESALAKAN",VLOOKUP(FR_HITUNG_MINMAX!A50,'STOK PESALAKAN'!C:H,6,0),IF(FR_HITUNG_MINMAX!AN50="CIKDITIRO",VLOOKUP(FR_HITUNG_MINMAX!A50,'STOK CIKDITIRO'!C:H,6,0),IF(FR_HITUNG_MINMAX!AN50="TRAYEMAN",VLOOKUP(FR_HITUNG_MINMAX!A50,'STOK TRAYEMAN'!C:H,6,0),"?")))) -> 2 | AR50: =IFERROR(AQ50,AO50+AP50) -> 2 | AS50: =ROUNDUP(AL50/2,0) -> 1 | AT50: =COUNTIF(A:A,A50) -> 3
A51: 17210-K97-N00 | B51: FILTER UDARA H.PCX 150 ORI | C51: FILTER | D51: ORISIN | E51: D | F51: 74000 | G51: 1 | J51: 1 | K51: 1 | L51: 1 | M51: 0 | N51: 0 | O51: 0 | P51: 0 | Q51: 0 | R51: 1 | S51: 0 | T51: 0 | U51: 1 | V51: 0 | W51: 0 | X51: 1 | Y51: 1 | Z51: 0 | AA51: 0 | AB51: 0 | AC51: 0 | AD51: 1 | AE51: 1 | AF51: 0 | AG51: 1 | AH51: 1 | AI51: 0 | AJ51: 1 | AK51: 1 | AL51: 1 | AM51: 1 | AN51: PACUL | AO51: 0 | AP51: =IFERROR(IF(AN51="CIKDITIRO",VLOOKUP(A51,'BR DTG CIKDITIRO'!C:E,3,0),IF(FR_HITUNG_MINMAX!AN51="PESALAKAN",VLOOKUP(FR_HITUNG_MINMAX!A51,'BR DTG ADW'!C:E,3,0),IF(FR_HITUNG_MINMAX!AN51="PACUL",VLOOKUP(FR_HITUNG_MINMAX!A51,'BR DTG PACUL'!C:E,3,0),IF(FR_HITUNG_MINMAX!AN51="TRAYEMAN",VLOOKUP(FR_HITUNG_MINMAX!A51,'BR DTG TRAYEMAN'!C:E,3,0),"?")))),0) -> 0 | AQ51: =IF(AN51="PACUL",VLOOKUP(A51,'STOK PACUL'!C:H,6,0),IF(FR_HITUNG_MINMAX!AN51="PESALAKAN",VLOOKUP(FR_HITUNG_MINMAX!A51,'STOK PESALAKAN'!C:H,6,0),IF(FR_HITUNG_MINMAX!AN51="CIKDITIRO",VLOOKUP(FR_HITUNG_MINMAX!A51,'STOK CIKDITIRO'!C:H,6,0),IF(FR_HITUNG_MINMAX!AN51="TRAYEMAN",VLOOKUP(FR_HITUNG_MINMAX!A51,'STOK TRAYEMAN'!C:H,6,0),"?")))) -> 0 | AR51: =IFERROR(AQ51,AO51+AP51) -> 0 | AS51: =ROUNDUP(AL51/2,0) -> 1 | AT51: =COUNTIF(A:A,A51) -> 3
A52: 17210-KVB-930 | B52: FILTER UDARA H.VARIO 110 ORI | C52: FILTER | D52: ORISIN | E52: C | F52: 54000 | G52: 1 | H52: GSM | I52: NSA | J52: 1 | K52: 1 | L52: 0 | M52: 0 | N52: 0 | O52: 0 | P52: 1 | Q52: 1 | R52: 0 | S52: 0 | T52: 0 | U52: 0 | V52: 1 | W52: 1 | X52: 1 | Y52: 0 | Z52: 0 | AA52: 0 | AB52: 1 | AC52: 2 | AD52: 1 | AE52: 0 | AF52: 0 | AG52: 0 | AH52: 1 | AI52: 2 | AJ52: 1 | AK52: 2 | AL52: 1 | AM52: 2 | AN52: PACUL | AO52: 1 | AP52: =IFERROR(IF(AN52="CIKDITIRO",VLOOKUP(A52,'BR DTG CIKDITIRO'!C:E,3,0),IF(FR_HITUNG_MINMAX!AN52="PESALAKAN",VLOOKUP(FR_HITUNG_MINMAX!A52,'BR DTG ADW'!C:E,3,0),IF(FR_HITUNG_MINMAX!AN52="PACUL",VLOOKUP(FR_HITUNG_MINMAX!A52,'BR DTG PACUL'!C:E,3,0),IF(FR_HITUNG_MINMAX!AN52="TRAYEMAN",VLOOKUP(FR_HITUNG_MINMAX!A52,'BR DTG TRAYEMAN'!C:E,3,0),"?")))),0) -> 2 | AQ52: =IF(AN52="PACUL",VLOOKUP(A52,'STOK PACUL'!C:H,6,0),IF(FR_HITUNG_MINMAX!AN52="PESALAKAN",VLOOKUP(FR_HITUNG_MINMAX!A52,'STOK PESALAKAN'!C:H,6,0),IF(FR_HITUNG_MINMAX!AN52="CIKDITIRO",VLOOKUP(FR_HITUNG_MINMAX!A52,'STOK CIKDITIRO'!C:H,6,0),IF(FR_HITUNG_MINMAX!AN52="TRAYEMAN",VLOOKUP(FR_HITUNG_MINMAX!A52,'STOK TRAYEMAN'!C:H,6,0),"?")))) -> 3 | AR52: =IFERROR(AQ52,AO52+AP52) -> 3 | AS52: =ROUNDUP(AL52/2,0) -> 1 | AT52: =COUNTIF(A:A,A52) -> 3
A53: 17210-KVY-960 | B53: FILTER UDARA H.BEAT ORI | C53: FILTER | D53: ORISIN | E53: D | F53: 51000 | G53: 1 | H53: GSM | I53: NSA | J53: 1 | K53: 1 | L53: 0 | M53: 1 | N53: 0 | O53: 0 | P53: 0 | Q53: 0 | R53: 0 | S53: 0 | T53: 0 | U53: 0 | V53: 1 | W53: 0 | X53: 1 | Y53: 1 | Z53: 1 | AA53: 0 | AB53: 0 | AC53: 0 | AD53: 0 | AE53: 0 | AF53: 0 | AG53: 0 | AH53: 1 | AI53: 1 | AJ53: 0 | AK53: 1 | AL53: 1 | AM53: 1 | AN53: PACUL | AO53: 1 | AP53: =IFERROR(IF(AN53="CIKDITIRO",VLOOKUP(A53,'BR DTG CIKDITIRO'!C:E,3,0),IF(FR_HITUNG_MINMAX!AN53="PESALAKAN",VLOOKUP(FR_HITUNG_MINMAX!A53,'BR DTG ADW'!C:E,3,0),IF(FR_HITUNG_MINMAX!AN53="PACUL",VLOOKUP(FR_HITUNG_MINMAX!A53,'BR DTG PACUL'!C:E,3,0),IF(FR_HITUNG_MINMAX!AN53="TRAYEMAN",VLOOKUP(FR_HITUNG_MINMAX!A53,'BR DTG TRAYEMAN'!C:E,3,0),"?")))),0) -> 0 | AQ53: =IF(AN53="PACUL",VLOOKUP(A53,'STOK PACUL'!C:H,6,0),IF(FR_HITUNG_MINMAX!AN53="PESALAKAN",VLOOKUP(FR_HITUNG_MINMAX!A53,'STOK PESALAKAN'!C:H,6,0),IF(FR_HITUNG_MINMAX!AN53="CIKDITIRO",VLOOKUP(FR_HITUNG_MINMAX!A53,'STOK CIKDITIRO'!C:H,6,0),IF(FR_HITUNG_MINMAX!AN53="TRAYEMAN",VLOOKUP(FR_HITUNG_MINMAX!A53,'STOK TRAYEMAN'!C:H,6,0),"?")))) -> 1 | AR53: =IFERROR(AQ53,AO53+AP53) -> 1 | AS53: =ROUNDUP(AL53/2,0) -> 1 | AT53: =COUNTIF(A:A,A53) -> 2
A54: 17220-KZR-600 | B54: FILTER UDARA H.VARIO 125 FI ORI | C54: FILTER | D54: ORISIN | E54: B | F54: 58000 | G54: 1 | J54: 1 | K54: 1 | L54: 4 | M54: 1 | N54: 1 | O54: 5 | P54: 0 | Q54: 1 | R54: 2 | S54: 2 | T54: 0 | U54: 1 | V54: 0 | W54: 0 | X54: 5 | Y54: 5 | Z54: 2 | AA54: 6 | AB54: 5 | AC54: 1 | AD54: 3 | AE54: 4 | AF54: 2 | AG54: 3 | AH54: 1 | AI54: 0 | AJ54: 4 | AK54: 6 | AL54: 5 | AM54: 6 | AN54: PACUL | AO54: 4 | AP54: =IFERROR(IF(AN54="CIKDITIRO",VLOOKUP(A54,'BR DTG CIKDITIRO'!C:E,3,0),IF(FR_HITUNG_MINMAX!AN54="PESALAKAN",VLOOKUP(FR_HITUNG_MINMAX!A54,'BR DTG ADW'!C:E,3,0),IF(FR_HITUNG_MINMAX!AN54="PACUL",VLOOKUP(FR_HITUNG_MINMAX!A54,'BR DTG PACUL'!C:E,3,0),IF(FR_HITUNG_MINMAX!AN54="TRAYEMAN",VLOOKUP(FR_HITUNG_MINMAX!A54,'BR DTG TRAYEMAN'!C:E,3,0),"?")))),0) -> 0 | AQ54: =IF(AN54="PACUL",VLOOKUP(A54,'STOK PACUL'!C:H,6,0),IF(FR_HITUNG_MINMAX!AN54="PESALAKAN",VLOOKUP(FR_HITUNG_MINMAX!A54,'STOK PESALAKAN'!C:H,6,0),IF(FR_HITUNG_MINMAX!AN54="CIKDITIRO",VLOOKUP(FR_HITUNG_MINMAX!A54,'STOK CIKDITIRO'!C:H,6,0),IF(FR_HITUNG_MINMAX!AN54="TRAYEMAN",VLOOKUP(FR_HITUNG_MINMAX!A54,'STOK TRAYEMAN'!C:H,6,0),"?")))) -> 4 | AR54: =IFERROR(AQ54,AO54+AP54) -> 4 | AS54: =ROUNDUP(AL54/2,0) -> 3 | AT54: =COUNTIF(A:A,A54) -> 4
A55: 18318-K1A-N00 | B55: COVER KNALPOT BEAT LED ORI | C55: NOSTOK | D55: ORISIN | E55: D | F55: 40500 | G55: 1 | J55: 1 | K55: 1 | L55: 0 | M55: 0 | N55: 0 | O55: 1 | P55: 0 | Q55: 0 | R55: 0 | S55: 0 | T55: 0 | U55: 0 | V55: 0 | W55: 0 | X55: 1 | Y55: 0 | Z55: 0 | AA55: 1 | AB55: 1 | AC55: 0 | AD55: 0 | AE55: 0 | AF55: 0 | AG55: 0 | AH55: 0 | AI55: 0 | AJ55: 0 | AK55: 1 | AL55: 0 | AM55: 0 | AN55: PACUL | AO55: 0 | AP55: =IFERROR(IF(AN55="CIKDITIRO",VLOOKUP(A55,'BR DTG CIKDITIRO'!C:E,3,0),IF(FR_HITUNG_MINMAX!AN55="PESALAKAN",VLOOKUP(FR_HITUNG_MINMAX!A55,'BR DTG ADW'!C:E,3,0),IF(FR_HITUNG_MINMAX!AN55="PACUL",VLOOKUP(FR_HITUNG_MINMAX!A55,'BR DTG PACUL'!C:E,3,0),IF(FR_HITUNG_MINMAX!AN55="TRAYEMAN",VLOOKUP(FR_HITUNG_MINMAX!A55,'BR DTG TRAYEMAN'!C:E,3,0),"?")))),0) -> 0 | AQ55: =IF(AN55="PACUL",VLOOKUP(A55,'STOK PACUL'!C:H,6,0),IF(FR_HITUNG_MINMAX!AN55="PESALAKAN",VLOOKUP(FR_HITUNG_MINMAX!A55,'STOK PESALAKAN'!C:H,6,0),IF(FR_HITUNG_MINMAX!AN55="CIKDITIRO",VLOOKUP(FR_HITUNG_MINMAX!A55,'STOK CIKDITIRO'!C:H,6,0),IF(FR_HITUNG_MINMAX!AN55="TRAYEMAN",VLOOKUP(FR_HITUNG_MINMAX!A55,'STOK TRAYEMAN'!C:H,6,0),"?")))) -> 0 | AR55: =IFERROR(AQ55,AO55+AP55) -> 0 | AS55: =ROUNDUP(AL55/2,0) -> 0 | AT55: =COUNTIF(A:A,A55) -> 1
A56: 19200-KWN-901 | B56: WATER PUMP VARIO 125 AHM | C56: MESIN | D56: ORISIN | E56: C | F56: 285000 | G56: 1 | H56: SLT | J56: 1 | K56: 1 | L56: 0 | M56: 0 | N56: 0 | O56: 0 | P56: 0 | Q56: 2 | R56: 1 | S56: 0 | T56: 0 | U56: 0 | V56: 0 | W56: 1 | X56: 2 | Y56: 0 | Z56: 0 | AA56: 0 | AB56: 0 | AC56: 2 | AD56: 3 | AE56: 1 | AF56: 0 | AG56: 0 | AH56: 0 | AI56: 1 | AJ56: 1 | AK56: 3 | AL56: 2 | AM56: 3 | AN56: PACUL | AO56: 2 | AP56: =IFERROR(IF(AN56="CIKDITIRO",VLOOKUP(A56,'BR DTG CIKDITIRO'!C:E,3,0),IF(FR_HITUNG_MINMAX!AN56="PESALAKAN",VLOOKUP(FR_HITUNG_MINMAX!A56,'BR DTG ADW'!C:E,3,0),IF(FR_HITUNG_MINMAX!AN56="PACUL",VLOOKUP(FR_HITUNG_MINMAX!A56,'BR DTG PACUL'!C:E,3,0),IF(FR_HITUNG_MINMAX!AN56="TRAYEMAN",VLOOKUP(FR_HITUNG_MINMAX!A56,'BR DTG TRAYEMAN'!C:E,3,0),"?")))),0) -> 0 | AQ56: =IF(AN56="PACUL",VLOOKUP(A56,'STOK PACUL'!C:H,6,0),IF(FR_HITUNG_MINMAX!AN56="PESALAKAN",VLOOKUP(FR_HITUNG_MINMAX!A56,'STOK PESALAKAN'!C:H,6,0),IF(FR_HITUNG_MINMAX!AN56="CIKDITIRO",VLOOKUP(FR_HITUNG_MINMAX!A56,'STOK CIKDITIRO'!C:H,6,0),IF(FR_HITUNG_MINMAX!AN56="TRAYEMAN",VLOOKUP(FR_HITUNG_MINMAX!A56,'STOK TRAYEMAN'!C:H,6,0),"?")))) -> 2 | AR56: =IFERROR(AQ56,AO56+AP56) -> 2 | AS56: =ROUNDUP(AL56/2,0) -> 1 | AT56: =COUNTIF(A:A,A56) -> 4
A57: 19216-KVB-900 | B57: ORING MAGHNET H.VARIO ORI | C57: KARET & SELANG | D57: ORISIN | E57: D | F57: 12000 | G57: 1 | H57: SLT | I57: NSA | J57: 1 | K57: 1 | L57: 0 | M57: 0 | N57: 0 | O57: 0 | P57: 0 | Q57: 0 | R57: 0 | S57: 1 | T57: 0 | U57: 0 | V57: 0 | W57: 0 | X57: 1 | Y57: 0 | Z57: 0 | AA57: 0 | AB57: 0 | AC57: 0 | AD57: 0 | AE57: 1 | AF57: 1 | AG57: 1 | AH57: 0 | AI57: 0 | AJ57: 0 | AK57: 1 | AL57: 1 | AM57: 2 | AN57: PACUL | AO57: 2 | AP57: =IFERROR(IF(AN57="CIKDITIRO",VLOOKUP(A57,'BR DTG CIKDITIRO'!C:E,3,0),IF(FR_HITUNG_MINMAX!AN57="PESALAKAN",VLOOKUP(FR_HITUNG_MINMAX!A57,'BR DTG ADW'!C:E,3,0),IF(FR_HITUNG_MINMAX!AN57="PACUL",VLOOKUP(FR_HITUNG_MINMAX!A57,'BR DTG PACUL'!C:E,3,0),IF(FR_HITUNG_MINMAX!AN57="TRAYEMAN",VLOOKUP(FR_HITUNG_MINMAX!A57,'BR DTG TRAYEMAN'!C:E,3,0),"?")))),0) -> 0 | AQ57: =IF(AN57="PACUL",VLOOKUP(A57,'STOK PACUL'!C:H,6,0),IF(FR_HITUNG_MINMAX!AN57="PESALAKAN",VLOOKUP(FR_HITUNG_MINMAX!A57,'STOK PESALAKAN'!C:H,6,0),IF(FR_HITUNG_MINMAX!AN57="CIKDITIRO",VLOOKUP(FR_HITUNG_MINMAX!A57,'STOK CIKDITIRO'!C:H,6,0),IF(FR_HITUNG_MINMAX!AN57="TRAYEMAN",VLOOKUP(FR_HITUNG_MINMAX!A57,'STOK TRAYEMAN'!C:H,6,0),"?")))) -> 2 | AR57: =IFERROR(AQ57,AO57+AP57) -> 2 | AS57: =ROUNDUP(AL57/2,0) -> 1 | AT57: =COUNTIF(A:A,A57) -> 1
A58: 19217-MAL-300 | B58: SEAL MECHANICAL H.VARIO ORI | C58: KARET & SELANG | D58: ORISIN | E58: D | F58: 64500 | G58: 1 | H58: GSM | I58: NSA | J58: 1 | K58: 1 | L58: 0 | M58: 0 | N58: 0 | O58: 0 | P58: 0 | Q58: 0 | R58: 0 | S58: 1 | T58: 0 | U58: 0 | V58: 0 | W58: 0 | X58: 1 | Y58: 0 | Z58: 0 | AA58: 0 | AB58: 0 | AC58: 0 | AD58: 0 | AE58: 1 | AF58: 1 | AG58: 1 | AH58: 0 | AI58: 0 | AJ58: 0 | AK58: 1 | AL58: 1 | AM58: 1 | AN58: PACUL | AO58: 1 | AP58: =IFERROR(IF(AN58="CIKDITIRO",VLOOKUP(A58,'BR DTG CIKDITIRO'!C:E,3,0),IF(FR_HITUNG_MINMAX!AN58="PESALAKAN",VLOOKUP(FR_HITUNG_MINMAX!A58,'BR DTG ADW'!C:E,3,0),IF(FR_HITUNG_MINMAX!AN58="PACUL",VLOOKUP(FR_HITUNG_MINMAX!A58,'BR DTG PACUL'!C:E,3,0),IF(FR_HITUNG_MINMAX!AN58="TRAYEMAN",VLOOKUP(FR_HITUNG_MINMAX!A58,'BR DTG TRAYEMAN'!C:E,3,0),"?")))),0) -> 0 | AQ58: =IF(AN58="PACUL",VLOOKUP(A58,'STOK PACUL'!C:H,6,0),IF(FR_HITUNG_MINMAX!AN58="PESALAKAN",VLOOKUP(FR_HITUNG_MINMAX!A58,'STOK PESALAKAN'!C:H,6,0),IF(FR_HITUNG_MINMAX!AN58="CIKDITIRO",VLOOKUP(FR_HITUNG_MINMAX!A58,'STOK CIKDITIRO'!C:H,6,0),IF(FR_HITUNG_MINMAX!AN58="TRAYEMAN",VLOOKUP(FR_HITUNG_MINMAX!A58,'STOK TRAYEMAN'!C:H,6,0),"?")))) -> 1 | AR58: =IFERROR(AQ58,AO58+AP58) -> 1 | AS58: =ROUNDUP(AL58/2,0) -> 1 | AT58: =COUNTIF(A:A,A58) -> 2
A59: 19226-KVB-900 | B59: ORING WATER PUMP H.VARIO CARBU ORI | C59: KARET & SELANG | D59: ORISIN | E59: D | F59: 10000 | G59: 1 | H59: SLT | I59: NSA | J59: 1 | K59: 1 | L59: 0 | M59: 0 | N59: 0 | O59: 0 | P59: 0 | Q59: 0 | R59: 0 | S59: 1 | T59: 0 | U59: 0 | V59: 0 | W59: 0 | X59: 1 | Y59: 0 | Z59: 0 | AA59: 0 | AB59: 0 | AC59: 0 | AD59: 0 | AE59: 1 | AF59: 1 | AG59: 1 | AH59: 0 | AI59: 0 | AJ59: 0 | AK59: 1 | AL59: 1 | AM59: 2 | AN59: PACUL | AO59: 2 | AP59: =IFERROR(IF(AN59="CIKDITIRO",VLOOKUP(A59,'BR DTG CIKDITIRO'!C:E,3,0),IF(FR_HITUNG_MINMAX!AN59="PESALAKAN",VLOOKUP(FR_HITUNG_MINMAX!A59,'BR DTG ADW'!C:E,3,0),IF(FR_HITUNG_MINMAX!AN59="PACUL",VLOOKUP(FR_HITUNG_MINMAX!A59,'BR DTG PACUL'!C:E,3,0),IF(FR_HITUNG_MINMAX!AN59="TRAYEMAN",VLOOKUP(FR_HITUNG_MINMAX!A59,'BR DTG TRAYEMAN'!C:E,3,0),"?")))),0) -> 0 | AQ59: =IF(AN59="PACUL",VLOOKUP(A59,'STOK PACUL'!C:H,6,0),IF(FR_HITUNG_MINMAX!AN59="PESALAKAN",VLOOKUP(FR_HITUNG_MINMAX!A59,'STOK PESALAKAN'!C:H,6,0),IF(FR_HITUNG_MINMAX!AN59="CIKDITIRO",VLOOKUP(FR_HITUNG_MINMAX!A59,'STOK CIKDITIRO'!C:H,6,0),IF(FR_HITUNG_MINMAX!AN59="TRAYEMAN",VLOOKUP(FR_HITUNG_MINMAX!A59,'STOK TRAYEMAN'!C:H,6,0),"?")))) -> 2 | AR59: =IFERROR(AQ59,AO59+AP59) -> 2 | AS59: =ROUNDUP(AL59/2,0) -> 1 | AT59: =COUNTIF(A:A,A59) -> 1
A60: 19240-KVB-900 | B60: AS WATER PUMP VARIO CARBU AHM | C60: MESIN | D60: ORISIN | E60: D | F60: 70000 | G60: 1 | H60: SLT | J60: 1 | K60: 1 | L60: 0 | M60: 0 | N60: 0 | O60: 0 | P60: 0 | Q60: 0 | R60: 0 | S60: 1 | T60: 0 | U60: 0 | V60: 0 | W60: 0 | X60: 1 | Y60: 0 | Z60: 0 | AA60: 0 | AB60: 0 | AC60: 0 | AD60: 0 | AE60: 1 | AF60: 1 | AG60: 1 | AH60: 0 | AI60: 0 | AJ60: 0 | AK60: 1 | AL60: 1 | AM60: 1 | AN60: PACUL | AO60: 1 | AP60: =IFERROR(IF(AN60="CIKDITIRO",VLOOKUP(A60,'BR DTG CIKDITIRO'!C:E,3,0),IF(FR_HITUNG_MINMAX!AN60="PESALAKAN",VLOOKUP(FR_HITUNG_MINMAX!A60,'BR DTG ADW'!C:E,3,0),IF(FR_HITUNG_MINMAX!AN60="PACUL",VLOOKUP(FR_HITUNG_MINMAX!A60,'BR DTG PACUL'!C:E,3,0),IF(FR_HITUNG_MINMAX!AN60="TRAYEMAN",VLOOKUP(FR_HITUNG_MINMAX!A60,'BR DTG TRAYEMAN'!C:E,3,0),"?")))),0) -> 0 | AQ60: =IF(AN60="PACUL",VLOOKUP(A60,'STOK PACUL'!C:H,6,0),IF(FR_HITUNG_MINMAX!AN60="PESALAKAN",VLOOKUP(FR_HITUNG_MINMAX!A60,'STOK PESALAKAN'!C:H,6,0),IF(FR_HITUNG_MINMAX!AN60="CIKDITIRO",VLOOKUP(FR_HITUNG_MINMAX!A60,'STOK CIKDITIRO'!C:H,6,0),IF(FR_HITUNG_MINMAX!AN60="TRAYEMAN",VLOOKUP(FR_HITUNG_MINMAX!A60,'STOK TRAYEMAN'!C:H,6,0),"?")))) -> 1 | AR60: =IFERROR(AQ60,AO60+AP60) -> 1 | AS60: =ROUNDUP(AL60/2,0) -> 1 | AT60: =COUNTIF(A:A,A60) -> 2
A61: 1LB-H3912-00 | B61: HANDLE REM MIO J/GT/125/XEON | C61: NOSTOK | D61: ORISIN | E61: D | F61: 54000 | G61: 1 | H61: SLT | J61: 1 | K61: 1 | L61: 0 | M61: 0 | N61: 0 | O61: 1 | P61: 0 | Q61: 0 | R61: 0 | S61: 0 | T61: 0 | U61: 0 | V61: 0 | W61: 0 | X61: 1 | Y61: 0 | Z61: 0 | AA61: 1 | AB61: 1 | AC61: 0 | AD61: 0 | AE61: 0 | AF61: 0 | AG61: 0 | AH61: 0 | AI61: 0 | AJ61: 0 | AK61: 1 | AL61: 0 | AM61: 0 | AN61: PACUL | AO61: 0 | AP61: =IFERROR(IF(AN61="CIKDITIRO",VLOOKUP(A61,'BR DTG CIKDITIRO'!C:E,3,0),IF(FR_HITUNG_MINMAX!AN61="PESALAKAN",VLOOKUP(FR_HITUNG_MINMAX!A61,'BR DTG ADW'!C:E,3,0),IF(FR_HITUNG_MINMAX!AN61="PACUL",VLOOKUP(FR_HITUNG_MINMAX!A61,'BR DTG PACUL'!C:E,3,0),IF(FR_HITUNG_MINMAX!AN61="TRAYEMAN",VLOOKUP(FR_HITUNG_MINMAX!A61,'BR DTG TRAYEMAN'!C:E,3,0),"?")))),0) -> 0 | AQ61: =IF(AN61="PACUL",VLOOKUP(A61,'STOK PACUL'!C:H,6,0),IF(FR_HITUNG_MINMAX!AN61="PESALAKAN",VLOOKUP(FR_HITUNG_MINMAX!A61,'STOK PESALAKAN'!C:H,6,0),IF(FR_HITUNG_MINMAX!AN61="CIKDITIRO",VLOOKUP(FR_HITUNG_MINMAX!A61,'STOK CIKDITIRO'!C:H,6,0),IF(FR_HITUNG_MINMAX!AN61="TRAYEMAN",VLOOKUP(FR_HITUNG_MINMAX!A61,'STOK TRAYEMAN'!C:H,6,0),"?")))) -> 0 | AR61: =IFERROR(AQ61,AO61+AP61) -> 0 | AS61: =ROUNDUP(AL61/2,0) -> 0 | AT61: =COUNTIF(A:A,A61) -> 1
A62: 1S7-E1196-00 | B62: PACKING WATER PUMP VIXION ORI | C62: NOSTOK | D62: ORISIN | E62: D | F62: 14000 | G62: 1 | H62: SLT | J62: 1 | K62: 1 | L62: 0 | M62: 0 | N62: 0 | O62: 0 | P62: 0 | Q62: 0 | R62: 0 | S62: 0 | T62: 1 | U62: 1 | V62: 0 | W62: 0 | X62: 1 | Y62: 0 | Z62: 0 | AA62: 0 | AB62: 0 | AC62: 0 | AD62: 0 | AE62: 0 | AF62: 1 | AG62: 1 | AH62: 1 | AI62: 0 | AJ62: 0 | AK62: 1 | AL62: 0 | AM62: 0 | AN62: PACUL | AO62: 0 | AP62: =IFERROR(IF(AN62="CIKDITIRO",VLOOKUP(A62,'BR DTG CIKDITIRO'!C:E,3,0),IF(FR_HITUNG_MINMAX!AN62="PESALAKAN",VLOOKUP(FR_HITUNG_MINMAX!A62,'BR DTG ADW'!C:E,3,0),IF(FR_HITUNG_MINMAX!AN62="PACUL",VLOOKUP(FR_HITUNG_MINMAX!A62,'BR DTG PACUL'!C:E,3,0),IF(FR_HITUNG_MINMAX!AN62="TRAYEMAN",VLOOKUP(FR_HITUNG_MINMAX!A62,'BR DTG TRAYEMAN'!C:E,3,0),"?")))),0) -> 0 | AQ62: =IF(AN62="PACUL",VLOOKUP(A62,'STOK PACUL'!C:H,6,0),IF(FR_HITUNG_MINMAX!AN62="PESALAKAN",VLOOKUP(FR_HITUNG_MINMAX!A62,'STOK PESALAKAN'!C:H,6,0),IF(FR_HITUNG_MINMAX!AN62="CIKDITIRO",VLOOKUP(FR_HITUNG_MINMAX!A62,'STOK CIKDITIRO'!C:H,6,0),IF(FR_HITUNG_MINMAX!AN62="TRAYEMAN",VLOOKUP(FR_HITUNG_MINMAX!A62,'STOK TRAYEMAN'!C:H,6,0),"?")))) -> 0 | AR62: =IFERROR(AQ62,AO62+AP62) -> 0 | AS62: =ROUNDUP(AL62/2,0) -> 0 | AT62: =COUNTIF(A:A,A62) -> 1
A63: 1S7-E2450-01 | B63: KIPAS POMPA RADIATOR Y.VIXION ORI | D63: ORISIN | E63: C | F63: 65000 | G63: 1 | J63: 1 | K63: 1 | L63: 0 | M63: 0 | N63: 0 | O63: 0 | P63: 0 | Q63: 0 | R63: 1 | S63: 1 | T63: 1 | U63: 1 | V63: 0 | W63: 0 | X63: 1 | Y63: 0 | Z63: 0 | AA63: 0 | AB63: 0 | AC63: 0 | AD63: 1 | AE63: 2 | AF63: 2 | AG63: 2 | AH63: 1 | AI63: 0 | AJ63: 0 | AK63: 2 | AL63: 1 | AM63: 2 | AN63: PACUL | AO63: 0 | AP63: =IFERROR(IF(AN63="CIKDITIRO",VLOOKUP(A63,'BR DTG CIKDITIRO'!C:E,3,0),IF(FR_HITUNG_MINMAX!AN63="PESALAKAN",VLOOKUP(FR_HITUNG_MINMAX!A63,'BR DTG ADW'!C:E,3,0),IF(FR_HITUNG_MINMAX!AN63="PACUL",VLOOKUP(FR_HITUNG_MINMAX!A63,'BR DTG PACUL'!C:E,3,0),IF(FR_HITUNG_MINMAX!AN63="TRAYEMAN",VLOOKUP(FR_HITUNG_MINMAX!A63,'BR DTG TRAYEMAN'!C:E,3,0),"?")))),0) -> 0 | AQ63: =IF(AN63="PACUL",VLOOKUP(A63,'STOK PACUL'!C:H,6,0),IF(FR_HITUNG_MINMAX!AN63="PESALAKAN",VLOOKUP(FR_HITUNG_MINMAX!A63,'STOK PESALAKAN'!C:H,6,0),IF(FR_HITUNG_MINMAX!AN63="CIKDITIRO",VLOOKUP(FR_HITUNG_MINMAX!A63,'STOK CIKDITIRO'!C:H,6,0),IF(FR_HITUNG_MINMAX!AN63="TRAYEMAN",VLOOKUP(FR_HITUNG_MINMAX!A63,'STOK TRAYEMAN'!C:H,6,0),"?")))) -> 0 | AR63: =IFERROR(AQ63,AO63+AP63) -> 0 | AS63: =ROUNDUP(AL63/2,0) -> 1 | AT63: =COUNTIF(A:A,A63) -> 1
A64: 1S7-E3440-00 | B64: FILTER OLI Y.VIXION ORI | C64: FILTER | D64: ORISIN | E64: D | F64: 29300 | G64: 1 | H64: GSM | J64: 1 | K64: 1 | L64: 0 | M64: 0 | N64: 1 | O64: 0 | P64: 0 | Q64: 0 | R64: 0 | S64: 0 | T64: 0 | U64: 0 | V64: 0 | W64: 0 | X64: 1 | Y64: 0 | Z64: 1 | AA64: 1 | AB64: 0 | AC64: 0 | AD64: 0 | AE64: 0 | AF64: 0 | AG64: 0 | AH64: 0 | AI64: 0 | AJ64: 0 | AK64: 1 | AL64: 1 | AM64: 1 | AN64: PACUL | AO64: 1 | AP64: =IFERROR(IF(AN64="CIKDITIRO",VLOOKUP(A64,'BR DTG CIKDITIRO'!C:E,3,0),IF(FR_HITUNG_MINMAX!AN64="PESALAKAN",VLOOKUP(FR_HITUNG_MINMAX!A64,'BR DTG ADW'!C:E,3,0),IF(FR_HITUNG_MINMAX!AN64="PACUL",VLOOKUP(FR_HITUNG_MINMAX!A64,'BR DTG PACUL'!C:E,3,0),IF(FR_HITUNG_MINMAX!AN64="TRAYEMAN",VLOOKUP(FR_HITUNG_MINMAX!A64,'BR DTG TRAYEMAN'!C:E,3,0),"?")))),0) -> 0 | AQ64: =IF(AN64="PACUL",VLOOKUP(A64,'STOK PACUL'!C:H,6,0),IF(FR_HITUNG_MINMAX!AN64="PESALAKAN",VLOOKUP(FR_HITUNG_MINMAX!A64,'STOK PESALAKAN'!C:H,6,0),IF(FR_HITUNG_MINMAX!AN64="CIKDITIRO",VLOOKUP(FR_HITUNG_MINMAX!A64,'STOK CIKDITIRO'!C:H,6,0),IF(FR_HITUNG_MINMAX!AN64="TRAYEMAN",VLOOKUP(FR_HITUNG_MINMAX!A64,'STOK TRAYEMAN'!C:H,6,0),"?")))) -> 1 | AR64: =IFERROR(AQ64,AO64+AP64) -> 1 | AS64: =ROUNDUP(AL64/2,0) -> 1 | AT64: =COUNTIF(A:A,A64) -> 1
A65: 20w-40 | B65: OLI BEBEK Y.YAMALUBE SILVER 0.8L | C65: CAIRAN | D65: OLIGEN | E65: B | F65: 42000 | G65: 2 | H65: HKJ | J65: 4 | K65: 1 | L65: 0 | M65: 1 | N65: 1 | O65: 3 | P65: 0 | Q65: 0 | R65: 2 | S65: 1 | T65: 2 | U65: 2 | V65: 2 | W65: 0 | X65: 3 | Y65: 1 | Z65: 2 | AA65: 4 | AB65: 3 | AC65: 0 | AD65: 2 | AE65: 3 | AF65: 3 | AG65: 3 | AH65: 4 | AI65: 2 | AJ65: 0 | AK65: 4 | AL65: 3 | AM65: 4 | AN65: PACUL | AO65: 6 | AP65: =IFERROR(IF(AN65="CIKDITIRO",VLOOKUP(A65,'BR DTG CIKDITIRO'!C:E,3,0),IF(FR_HITUNG_MINMAX!AN65="PESALAKAN",VLOOKUP(FR_HITUNG_MINMAX!A65,'BR DTG ADW'!C:E,3,0),IF(FR_HITUNG_MINMAX!AN65="PACUL",VLOOKUP(FR_HITUNG_MINMAX!A65,'BR DTG PACUL'!C:E,3,0),IF(FR_HITUNG_MINMAX!AN65="TRAYEMAN",VLOOKUP(FR_HITUNG_MINMAX!A65,'BR DTG TRAYEMAN'!C:E,3,0),"?")))),0) -> 0 | AQ65: =IF(AN65="PACUL",VLOOKUP(A65,'STOK PACUL'!C:H,6,0),IF(FR_HITUNG_MINMAX!AN65="PESALAKAN",VLOOKUP(FR_HITUNG_MINMAX!A65,'STOK PESALAKAN'!C:H,6,0),IF(FR_HITUNG_MINMAX!AN65="CIKDITIRO",VLOOKUP(FR_HITUNG_MINMAX!A65,'STOK CIKDITIRO'!C:H,6,0),IF(FR_HITUNG_MINMAX!AN65="TRAYEMAN",VLOOKUP(FR_HITUNG_MINMAX!A65,'STOK TRAYEMAN'!C:H,6,0),"?")))) -> 6 | AR65: =IFERROR(AQ65,AO65+AP65) -> 6 | AS65: =ROUNDUP(AL65/2,0) -> 2 | AT65: =COUNTIF(A:A,A65) -> 3
A66: 20W-40MATIC | B66: OLI MATIC Y.YAMALUBE 0.8L | C66: CAIRAN | D66: OLIGEN | E66: A | F66: 43225 | G66: 6 | H66: GSM | J66: 13 | K66: 1 | L66: 5 | M66: 7 | N66: 3 | O66: 6 | P66: 5 | Q66: 3 | R66: 9 | S66: 4 | T66: 7 | U66: 5 | V66: 4 | W66: 10 | X66: 10 | Y66: 12 | Z66: 10 | AA66: 9 | AB66: 11 | AC66: 8 | AD66: 12 | AE66: 13 | AF66: 11 | AG66: 9 | AH66: 9 | AI66: 14 | AJ66: 15 | AK66: 15 | AL66: 10 | AM66: 15 | AN66: PACUL | AO66: 10 | AP66: =IFERROR(IF(AN66="CIKDITIRO",VLOOKUP(A66,'BR DTG CIKDITIRO'!C:E,3,0),IF(FR_HITUNG_MINMAX!AN66="PESALAKAN",VLOOKUP(FR_HITUNG_MINMAX!A66,'BR DTG ADW'!C:E,3,0),IF(FR_HITUNG_MINMAX!AN66="PACUL",VLOOKUP(FR_HITUNG_MINMAX!A66,'BR DTG PACUL'!C:E,3,0),IF(FR_HITUNG_MINMAX!AN66="TRAYEMAN",VLOOKUP(FR_HITUNG_MINMAX!A66,'BR DTG TRAYEMAN'!C:E,3,0),"?")))),0) -> 0 | AQ66: =IF(AN66="PACUL",VLOOKUP(A66,'STOK PACUL'!C:H,6,0),IF(FR_HITUNG_MINMAX!AN66="PESALAKAN",VLOOKUP(FR_HITUNG_MINMAX!A66,'STOK PESALAKAN'!C:H,6,0),IF(FR_HITUNG_MINMAX!AN66="CIKDITIRO",VLOOKUP(FR_HITUNG_MINMAX!A66,'STOK CIKDITIRO'!C:H,6,0),IF(FR_HITUNG_MINMAX!AN66="TRAYEMAN",VLOOKUP(FR_HITUNG_MINMAX!A66,'STOK TRAYEMAN'!C:H,6,0),"?")))) -> 10 | AR66: =IFERROR(AQ66,AO66+AP66) -> 10 | AS66: =ROUNDUP(AL66/2,0) -> 5 | AT66: =COUNTIF(A:A,A66) -> 4
A67: 20W-50JASO MA | B67: OLI BEBEK ULTRATEC FEDERAL 0.8L | C67: CAIRAN | D67: OLIGEN | E67: A | F67: 39500 | G67: 2 | H67: HKJ | J67: 3 | K67: 1 | L67: 5 | M67: 5 | N67: 5 | O67: 3 | P67: 1 | Q67: 1 | R67: 1 | S67: 0 | T67: 1 | U67: 2 | V67: 4 | W67: 2 | X67: 5 | Y67: 10 | Z67: 10 | AA67: 8 | AB67: 4 | AC67: 2 | AD67: 2 | AE67: 1 | AF67: 1 | AG67: 2 | AH67: 6 | AI67: 6 | AJ67: 7 | AK67: 10 | AL67: 5 | AM67: 10 | AN67: PACUL | AO67: 7 | AP67: =IFERROR(IF(AN67="CIKDITIRO",VLOOKUP(A67,'BR DTG CIKDITIRO'!C:E,3,0),IF(FR_HITUNG_MINMAX!AN67="PESALAKAN",VLOOKUP(FR_HITUNG_MINMAX!A67,'BR DTG ADW'!C:E,3,0),IF(FR_HITUNG_MINMAX!AN67="PACUL",VLOOKUP(FR_HITUNG_MINMAX!A67,'BR DTG PACUL'!C:E,3,0),IF(FR_HITUNG_MINMAX!AN67="TRAYEMAN",VLOOKUP(FR_HITUNG_MINMAX!A67,'BR DTG TRAYEMAN'!C:E,3,0),"?")))),0) -> 0 | AQ67: =IF(AN67="PACUL",VLOOKUP(A67,'STOK PACUL'!C:H,6,0),IF(FR_HITUNG_MINMAX!AN67="PESALAKAN",VLOOKUP(FR_HITUNG_MINMAX!A67,'STOK PESALAKAN'!C:H,6,0),IF(FR_HITUNG_MINMAX!AN67="CIKDITIRO",VLOOKUP(FR_HITUNG_MINMAX!A67,'STOK CIKDITIRO'!C:H,6,0),IF(FR_HITUNG_MINMAX!AN67="TRAYEMAN",VLOOKUP(FR_HITUNG_MINMAX!A67,'STOK TRAYEMAN'!C:H,6,0),"?")))) -> 7 | AR67: =IFERROR(AQ67,AO67+AP67) -> 7 | AS67: =ROUNDUP(AL67/2,0) -> 3 | AT67: =COUNTIF(A:A,A67) -> 3
A68: 21501B09J00N000 | B68: KAMPAS GANDA S.NEX 1SET ORI | C68: CVT | D68: IMITAS | E68: D | F68: 118105 | G68: 1 | H68: GSM | J68: 1 | K68: 1 | L68: 0 | M68: 0 | N68: 0 | O68: 0 | P68: 0 | Q68: 0 | R68: 0 | S68: 0 | T68: 0 | U68: 1 | V68: 1 | W68: 0 | X68: 1 | Y68: 0 | Z68: 0 | AA68: 0 | AB68: 0 | AC68: 0 | AD68: 0 | AE68: 0 | AF68: 0 | AG68: 1 | AH68: 2 | AI68: 1 | AJ68: 0 | AK68: 2 | AL68: 1 | AM68: 2 | AN68: PACUL | AO68: 1 | AP68: =IFERROR(IF(AN68="CIKDITIRO",VLOOKUP(A68,'BR DTG CIKDITIRO'!C:E,3,0),IF(FR_HITUNG_MINMAX!AN68="PESALAKAN",VLOOKUP(FR_HITUNG_MINMAX!A68,'BR DTG ADW'!C:E,3,0),IF(FR_HITUNG_MINMAX!AN68="PACUL",VLOOKUP(FR_HITUNG_MINMAX!A68,'BR DTG PACUL'!C:E,3,0),IF(FR_HITUNG_MINMAX!AN68="TRAYEMAN",VLOOKUP(FR_HITUNG_MINMAX!A68,'BR DTG TRAYEMAN'!C:E,3,0),"?")))),0) -> 0 | AQ68: =IF(AN68="PACUL",VLOOKUP(A68,'STOK PACUL'!C:H,6,0),IF(FR_HITUNG_MINMAX!AN68="PESALAKAN",VLOOKUP(FR_HITUNG_MINMAX!A68,'STOK PESALAKAN'!C:H,6,0),IF(FR_HITUNG_MINMAX!AN68="CIKDITIRO",VLOOKUP(FR_HITUNG_MINMAX!A68,'STOK CIKDITIRO'!C:H,6,0),IF(FR_HITUNG_MINMAX!AN68="TRAYEMAN",VLOOKUP(FR_HITUNG_MINMAX!A68,'STOK TRAYEMAN'!C:H,6,0),"?")))) -> 1 | AR68: =IFERROR(AQ68,AO68+AP68) -> 1 | AS68: =ROUNDUP(AL68/2,0) -> 1 | AT68: =COUNTIF(A:A,A68) -> 1
A69: 22011-K81-N00 | B69: KLIP ROLLER H.VARIO 110 ORI | C69: CVT | D69: ORISIN | E69: A | F69: 20500 | G69: 1 | H69: HKJ | I69: NSA | J69: 1 | K69: 1 | L69: 9 | M69: 4 | N69: 6 | O69: 9 | P69: 8 | Q69: 5 | R69: 7 | S69: 11 | T69: 10 | U69: 2 | V69: 1 | W69: 0 | X69: 11 | Y69: 13 | Z69: 10 | AA69: 15 | AB69: 17 | AC69: 13 | AD69: 12 | AE69: 18 | AF69: 21 | AG69: 13 | AH69: 3 | AI69: 1 | AJ69: 9 | AK69: 21 | AL69: 11 | AM69: 21 | AN69: PACUL | AO69: 1 | AP69: =IFERROR(IF(AN69="CIKDITIRO",VLOOKUP(A69,'BR DTG CIKDITIRO'!C:E,3,0),IF(FR_HITUNG_MINMAX!AN69="PESALAKAN",VLOOKUP(FR_HITUNG_MINMAX!A69,'BR DTG ADW'!C:E,3,0),IF(FR_HITUNG_MINMAX!AN69="PACUL",VLOOKUP(FR_HITUNG_MINMAX!A69,'BR DTG PACUL'!C:E,3,0),IF(FR_HITUNG_MINMAX!AN69="TRAYEMAN",VLOOKUP(FR_HITUNG_MINMAX!A69,'BR DTG TRAYEMAN'!C:E,3,0),"?")))),0) -> 0 | AQ69: =IF(AN69="PACUL",VLOOKUP(A69,'STOK PACUL'!C:H,6,0),IF(FR_HITUNG_MINMAX!AN69="PESALAKAN",VLOOKUP(FR_HITUNG_MINMAX!A69,'STOK PESALAKAN'!C:H,6,0),IF(FR_HITUNG_MINMAX!AN69="CIKDITIRO",VLOOKUP(FR_HITUNG_MINMAX!A69,'STOK CIKDITIRO'!C:H,6,0),IF(FR_HITUNG_MINMAX!AN69="TRAYEMAN",VLOOKUP(FR_HITUNG_MINMAX!A69,'STOK TRAYEMAN'!C:H,6,0),"?")))) -> 1 | AR69: =IFERROR(AQ69,AO69+AP69) -> 1 | AS69: =ROUNDUP(AL69/2,0) -> 6 | AT69: =COUNTIF(A:A,A69) -> 4
A70: 22011-KWN-900 | B70: KLIP ROLLER H.VARIO 125 ORI (1SET) | C70: CVT | D70: ORISIN | E70: A | F70: 25000 | G70: 1 | H70: HKJ | I70: NSA | J70: 1 | K70: 1 | L70: 5 | M70: 3 | N70: 2 | O70: 4 | P70: 3 | Q70: 1 | R70: 6 | S70: 6 | T70: 4 | U70: 2 | V70: 1 | W70: 6 | X70: 6 | Y70: 8 | Z70: 5 | AA70: 6 | AB70: 7 | AC70: 4 | AD70: 7 | AE70: 12 | AF70: 10 | AG70: 8 | AH70: 3 | AI70: 7 | AJ70: 11 | AK70: 12 | AL70: 6 | AM70: 12 | AN70: PACUL | AO70: 9 | AP70: =IFERROR(IF(AN70="CIKDITIRO",VLOOKUP(A70,'BR DTG CIKDITIRO'!C:E,3,0),IF(FR_HITUNG_MINMAX!AN70="PESALAKAN",VLOOKUP(FR_HITUNG_MINMAX!A70,'BR DTG ADW'!C:E,3,0),IF(FR_HITUNG_MINMAX!AN70="PACUL",VLOOKUP(FR_HITUNG_MINMAX!A70,'BR DTG PACUL'!C:E,3,0),IF(FR_HITUNG_MINMAX!AN70="TRAYEMAN",VLOOKUP(FR_HITUNG_MINMAX!A70,'BR DTG TRAYEMAN'!C:E,3,0),"?")))),0) -> 0 | AQ70: =IF(AN70="PACUL",VLOOKUP(A70,'STOK PACUL'!C:H,6,0),IF(FR_HITUNG_MINMAX!AN70="PESALAKAN",VLOOKUP(FR_HITUNG_MINMAX!A70,'STOK PESALAKAN'!C:H,6,0),IF(FR_HITUNG_MINMAX!AN70="CIKDITIRO",VLOOKUP(FR_HITUNG_MINMAX!A70,'STOK CIKDITIRO'!C:H,6,0),IF(FR_HITUNG_MINMAX!AN70="TRAYEMAN",VLOOKUP(FR_HITUNG_MINMAX!A70,'STOK TRAYEMAN'!C:H,6,0),"?")))) -> 9 | AR70: =IFERROR(AQ70,AO70+AP70) -> 9 | AS70: =ROUNDUP(AL70/2,0) -> 3 | AT70: =COUNTIF(A:A,A70) -> 4
A71: 22100-K1A-N11 | B71: RUMAH OTOM. KOPLING GANDA H.BEAT LED NEW ORI | C71: NOSTOK | D71: ORISIN | E71: D | F71: 110000 | G71: 1 | J71: 1 | K71: 1 | L71: 0 | M71: 0 | N71: 1 | O71: 0 | P71: 0 | Q71: 0 | R71: 0 | S71: 0 | T71: 0 | U71: 0 | V71: 0 | W71: 0 | X71: 1 | Y71: 0 | Z71: 1 | AA71: 1 | AB71: 0 | AC71: 0 | AD71: 0 | AE71: 0 | AF71: 0 | AG71: 0 | AH71: 0 | AI71: 0 | AJ71: 0 | AK71: 1 | AL71: 0 | AM71: 0 | AN71: PACUL | AO71: 0 | AP71: =IFERROR(IF(AN71="CIKDITIRO",VLOOKUP(A71,'BR DTG CIKDITIRO'!C:E,3,0),IF(FR_HITUNG_MINMAX!AN71="PESALAKAN",VLOOKUP(FR_HITUNG_MINMAX!A71,'BR DTG ADW'!C:E,3,0),IF(FR_HITUNG_MINMAX!AN71="PACUL",VLOOKUP(FR_HITUNG_MINMAX!A71,'BR DTG PACUL'!C:E,3,0),IF(FR_HITUNG_MINMAX!AN71="TRAYEMAN",VLOOKUP(FR_HITUNG_MINMAX!A71,'BR DTG TRAYEMAN'!C:E,3,0),"?")))),0) -> 0 | AQ71: =IF(AN71="PACUL",VLOOKUP(A71,'STOK PACUL'!C:H,6,0),IF(FR_HITUNG_MINMAX!AN71="PESALAKAN",VLOOKUP(FR_HITUNG_MINMAX!A71,'STOK PESALAKAN'!C:H,6,0),IF(FR_HITUNG_MINMAX!AN71="CIKDITIRO",VLOOKUP(FR_HITUNG_MINMAX!A71,'STOK CIKDITIRO'!C:H,6,0),IF(FR_HITUNG_MINMAX!AN71="TRAYEMAN",VLOOKUP(FR_HITUNG_MINMAX!A71,'STOK TRAYEMAN'!C:H,6,0),"?")))) -> 0 | AR71: =IFERROR(AQ71,AO71+AP71) -> 0 | AS71: =ROUNDUP(AL71/2,0) -> 0 | AT71: =COUNTIF(A:A,A71) -> 1
A72: 22100-KWN-901 | B72: RUMAH OTOM. KOPLING GANDA H.VARIO 125 ORI | C72: CVT | D72: ORISIN | E72: D | F72: 132000 | G72: 1 | H72: SLT | I72: NSA | J72: 1 | K72: 1 | L72: 0 | M72: 0 | N72: 0 | O72: 0 | P72: 0 | Q72: 0 | R72: 0 | S72: 1 | T72: 0 | U72: 0 | V72: 0 | W72: 0 | X72: 1 | Y72: 0 | Z72: 0 | AA72: 0 | AB72: 0 | AC72: 0 | AD72: 0 | AE72: 1 | AF72: 1 | AG72: 1 | AH72: 0 | AI72: 0 | AJ72: 0 | AK72: 1 | AL72: 1 | AM72: 1 | AN72: PACUL | AO72: 0 | AP72: =IFERROR(IF(AN72="CIKDITIRO",VLOOKUP(A72,'BR DTG CIKDITIRO'!C:E,3,0),IF(FR_HITUNG_MINMAX!AN72="PESALAKAN",VLOOKUP(FR_HITUNG_MINMAX!A72,'BR DTG ADW'!C:E,3,0),IF(FR_HITUNG_MINMAX!AN72="PACUL",VLOOKUP(FR_HITUNG_MINMAX!A72,'BR DTG PACUL'!C:E,3,0),IF(FR_HITUNG_MINMAX!AN72="TRAYEMAN",VLOOKUP(FR_HITUNG_MINMAX!A72,'BR DTG TRAYEMAN'!C:E,3,0),"?")))),0) -> 0 | AQ72: =IF(AN72="PACUL",VLOOKUP(A72,'STOK PACUL'!C:H,6,0),IF(FR_HITUNG_MINMAX!AN72="PESALAKAN",VLOOKUP(FR_HITUNG_MINMAX!A72,'STOK PESALAKAN'!C:H,6,0),IF(FR_HITUNG_MINMAX!AN72="CIKDITIRO",VLOOKUP(FR_HITUNG_MINMAX!A72,'STOK CIKDITIRO'!C:H,6,0),IF(FR_HITUNG_MINMAX!AN72="TRAYEMAN",VLOOKUP(FR_HITUNG_MINMAX!A72,'STOK TRAYEMAN'!C:H,6,0),"?")))) -> 0 | AR72: =IFERROR(AQ72,AO72+AP72) -> 0 | AS72: =ROUNDUP(AL72/2,0) -> 1 | AT72: =COUNTIF(A:A,A72) -> 2
A73: 22102-K0J-N00 | B73: KIPAS PULLY H.GENIO ORI | C73: CVT | D73: ORISIN | E73: D | F73: 42000 | G73: 1 | J73: 1 | K73: 1 | L73: 0 | M73: 0 | N73: 0 | O73: 0 | P73: 0 | Q73: 0 | R73: 0 | S73: 0 | T73: 0 | U73: 0 | V73: 2 | W73: 0 | X73: 2 | Y73: 0 | Z73: 0 | AA73: 0 | AB73: 0 | AC73: 0 | AD73: 0 | AE73: 0 | AF73: 0 | AG73: 0 | AH73: 2 | AI73: 2 | AJ73: 0 | AK73: 2 | AL73: 2 | AM73: 2 | AN73: PACUL | AO73: 1 | AP73: =IFERROR(IF(AN73="CIKDITIRO",VLOOKUP(A73,'BR DTG CIKDITIRO'!C:E,3,0),IF(FR_HITUNG_MINMAX!AN73="PESALAKAN",VLOOKUP(FR_HITUNG_MINMAX!A73,'BR DTG ADW'!C:E,3,0),IF(FR_HITUNG_MINMAX!AN73="PACUL",VLOOKUP(FR_HITUNG_MINMAX!A73,'BR DTG PACUL'!C:E,3,0),IF(FR_HITUNG_MINMAX!AN73="TRAYEMAN",VLOOKUP(FR_HITUNG_MINMAX!A73,'BR DTG TRAYEMAN'!C:E,3,0),"?")))),0) -> 0 | AQ73: =IF(AN73="PACUL",VLOOKUP(A73,'STOK PACUL'!C:H,6,0),IF(FR_HITUNG_MINMAX!AN73="PESALAKAN",VLOOKUP(FR_HITUNG_MINMAX!A73,'STOK PESALAKAN'!C:H,6,0),IF(FR_HITUNG_MINMAX!AN73="CIKDITIRO",VLOOKUP(FR_HITUNG_MINMAX!A73,'STOK CIKDITIRO'!C:H,6,0),IF(FR_HITUNG_MINMAX!AN73="TRAYEMAN",VLOOKUP(FR_HITUNG_MINMAX!A73,'STOK TRAYEMAN'!C:H,6,0),"?")))) -> 1 | AR73: =IFERROR(AQ73,AO73+AP73) -> 1 | AS73: =ROUNDUP(AL73/2,0) -> 1 | AT73: =COUNTIF(A:A,A73) -> 3
A74: 22102-K44-V00 | B74: KIPAS PULLY H.BEAT FI ESP ORI | C74: CVT | D74: ORISIN | E74: D | F74: 55035 | G74: 1 | H74: GSM | I74: NSA | J74: 1 | K74: 1 | L74: 1 | M74: 1 | N74: 0 | O74: 0 | P74: 0 | Q74: 0 | R74: 0 | S74: 0 | T74: 0 | U74: 0 | V74: 0 | W74: 0 | X74: 1 | Y74: 2 | Z74: 1 | AA74: 0 | AB74: 0 | AC74: 0 | AD74: 0 | AE74: 0 | AF74: 0 | AG74: 0 | AH74: 0 | AI74: 0 | AJ74: 1 | AK74: 2 | AL74: 1 | AM74: 2 | AN74: PACUL | AO74: 5 | AP74: =IFERROR(IF(AN74="CIKDITIRO",VLOOKUP(A74,'BR DTG CIKDITIRO'!C:E,3,0),IF(FR_HITUNG_MINMAX!AN74="PESALAKAN",VLOOKUP(FR_HITUNG_MINMAX!A74,'BR DTG ADW'!C:E,3,0),IF(FR_HITUNG_MINMAX!AN74="PACUL",VLOOKUP(FR_HITUNG_MINMAX!A74,'BR DTG PACUL'!C:E,3,0),IF(FR_HITUNG_MINMAX!AN74="TRAYEMAN",VLOOKUP(FR_HITUNG_MINMAX!A74,'BR DTG TRAYEMAN'!C:E,3,0),"?")))),0) -> 0 | AQ74: =IF(AN74="PACUL",VLOOKUP(A74,'STOK PACUL'!C:H,6,0),IF(FR_HITUNG_MINMAX!AN74="PESALAKAN",VLOOKUP(FR_HITUNG_MINMAX!A74,'STOK PESALAKAN'!C:H,6,0),IF(FR_HITUNG_MINMAX!AN74="CIKDITIRO",VLOOKUP(FR_HITUNG_MINMAX!A74,'STOK CIKDITIRO'!C:H,6,0),IF(FR_HITUNG_MINMAX!AN74="TRAYEMAN",VLOOKUP(FR_HITUNG_MINMAX!A74,'STOK TRAYEMAN'!C:H,6,0),"?")))) -> 5 | AR74: =IFERROR(AQ74,AO74+AP74) -> 5 | AS74: =ROUNDUP(AL74/2,0) -> 1 | AT74: =COUNTIF(A:A,A74) -> 4
A75: 22102-K97-T01 | B75: KIPAS PULLY H.PCX 150 ORI | C75: CVT | D75: ORISIN | E75: D | F75: 50000 | G75: 1 | H75: SLT | I75: NSA | J75: 1 | K75: 1 | L75: 0 | M75: 0 | N75: 0 | O75: 0 | P75: 0 | Q75: 0 | R75: 0 | S75: 0 | T75: 0 | U75: 1 | V75: 0 | W75: 0 | X75: 1 | Y75: 0 | Z75: 0 | AA75: 0 | AB75: 0 | AC75: 0 | AD75: 0 | AE75: 0 | AF75: 0 | AG75: 1 | AH75: 1 | AI75: 0 | AJ75: 0 | AK75: 1 | AL75: 1 | AM75: 1 | AN75: PACUL | AO75: 1 | AP75: =IFERROR(IF(AN75="CIKDITIRO",VLOOKUP(A75,'BR DTG CIKDITIRO'!C:E,3,0),IF(FR_HITUNG_MINMAX!AN75="PESALAKAN",VLOOKUP(FR_HITUNG_MINMAX!A75,'BR DTG ADW'!C:E,3,0),IF(FR_HITUNG_MINMAX!AN75="PACUL",VLOOKUP(FR_HITUNG_MINMAX!A75,'BR DTG PACUL'!C:E,3,0),IF(FR_HITUNG_MINMAX!AN75="TRAYEMAN",VLOOKUP(FR_HITUNG_MINMAX!A75,'BR DTG TRAYEMAN'!C:E,3,0),"?")))),0) -> 0 | AQ75: =IF(AN75="PACUL",VLOOKUP(A75,'STOK PACUL'!C:H,6,0),IF(FR_HITUNG_MINMAX!AN75="PESALAKAN",VLOOKUP(FR_HITUNG_MINMAX!A75,'STOK PESALAKAN'!C:H,6,0),IF(FR_HITUNG_MINMAX!AN75="CIKDITIRO",VLOOKUP(FR_HITUNG_MINMAX!A75,'STOK CIKDITIRO'!C:H,6,0),IF(FR_HITUNG_MINMAX!AN75="TRAYEMAN",VLOOKUP(FR_HITUNG_MINMAX!A75,'STOK TRAYEMAN'!C:H,6,0),"?")))) -> 1 | AR75: =IFERROR(AQ75,AO75+AP75) -> 1 | AS75: =ROUNDUP(AL75/2,0) -> 1 | AT75: =COUNTIF(A:A,A75) -> 1
A76: 22102-KZR-600 | B76: KIPAS PULLY H.VARIO 125 ORI | C76: CVT | D76: ORISIN | E76: B | F76: 48500 | G76: 1 | H76: GSM | I76: NSA | J76: 1 | K76: 1 | L76: 1 | M76: 1 | N76: 0 | O76: 1 | P76: 0 | Q76: 0 | R76: 3 | S76: 0 | T76: 1 | U76: 1 | V76: 0 | W76: 2 | X76: 3 | Y76: 2 | Z76: 1 | AA76: 1 | AB76: 1 | AC76: 0 | AD76: 3 | AE76: 3 | AF76: 1 | AG76: 1 | AH76: 1 | AI76: 2 | AJ76: 3 | AK76: 3 | AL76: 3 | AM76: 3 | AN76: PACUL | AO76: 4 | AP76: =IFERROR(IF(AN76="CIKDITIRO",VLOOKUP(A76,'BR DTG CIKDITIRO'!C:E,3,0),IF(FR_HITUNG_MINMAX!AN76="PESALAKAN",VLOOKUP(FR_HITUNG_MINMAX!A76,'BR DTG ADW'!C:E,3,0),IF(FR_HITUNG_MINMAX!AN76="PACUL",VLOOKUP(FR_HITUNG_MINMAX!A76,'BR DTG PACUL'!C:E,3,0),IF(FR_HITUNG_MINMAX!AN76="TRAYEMAN",VLOOKUP(FR_HITUNG_MINMAX!A76,'BR DTG TRAYEMAN'!C:E,3,0),"?")))),0) -> 0 | AQ76: =IF(AN76="PACUL",VLOOKUP(A76,'STOK PACUL'!C:H,6,0),IF(FR_HITUNG_MINMAX!AN76="PESALAKAN",VLOOKUP(FR_HITUNG_MINMAX!A76,'STOK PESALAKAN'!C:H,6,0),IF(FR_HITUNG_MINMAX!AN76="CIKDITIRO",VLOOKUP(FR_HITUNG_MINMAX!A76,'STOK CIKDITIRO'!C:H,6,0),IF(FR_HITUNG_MINMAX!AN76="TRAYEMAN",VLOOKUP(FR_HITUNG_MINMAX!A76,'STOK TRAYEMAN'!C:H,6,0),"?")))) -> 4 | AR76: =IFERROR(AQ76,AO76+AP76) -> 4 | AS76: =ROUNDUP(AL76/2,0) -> 2 | AT76: =COUNTIF(A:A,A76) -> 4
A77: 22105-K0J-N00 | B77: BOSH PULLY / BOSH ROLLER H.GENIO/ BEAT LED AHM | C77: CVT | D77: ORISIN | E77: C | F77: 35000 | G77: 1 | H77: SLT | I77: NSA | J77: 1 | K77: 1 | L77: 0 | M77: 0 | N77: 1 | O77: 0 | P77: 0 | Q77: 0 | R77: 0 | S77: 0 | T77: 1 | U77: 0 | V77: 3 | W77: 0 | X77: 3 | Y77: 0 | Z77: 1 | AA77: 1 | AB77: 0 | AC77: 0 | AD77: 0 | AE77: 0 | AF77: 1 | AG77: 0 | AH77: 3 | AI77: 3 | AJ77: 0 | AK77: 3 | AL77: 3 | AM77: 3 | AN77: PACUL | AO77: 0 | AP77: =IFERROR(IF(AN77="CIKDITIRO",VLOOKUP(A77,'BR DTG CIKDITIRO'!C:E,3,0),IF(FR_HITUNG_MINMAX!AN77="PESALAKAN",VLOOKUP(FR_HITUNG_MINMAX!A77,'BR DTG ADW'!C:E,3,0),IF(FR_HITUNG_MINMAX!AN77="PACUL",VLOOKUP(FR_HITUNG_MINMAX!A77,'BR DTG PACUL'!C:E,3,0),IF(FR_HITUNG_MINMAX!AN77="TRAYEMAN",VLOOKUP(FR_HITUNG_MINMAX!A77,'BR DTG TRAYEMAN'!C:E,3,0),"?")))),0) -> 0 | AQ77: =IF(AN77="PACUL",VLOOKUP(A77,'STOK PACUL'!C:H,6,0),IF(FR_HITUNG_MINMAX!AN77="PESALAKAN",VLOOKUP(FR_HITUNG_MINMAX!A77,'STOK PESALAKAN'!C:H,6,0),IF(FR_HITUNG_MINMAX!AN77="CIKDITIRO",VLOOKUP(FR_HITUNG_MINMAX!A77,'STOK CIKDITIRO'!C:H,6,0),IF(FR_HITUNG_MINMAX!AN77="TRAYEMAN",VLOOKUP(FR_HITUNG_MINMAX!A77,'STOK TRAYEMAN'!C:H,6,0),"?")))) -> 0 | AR77: =IFERROR(AQ77,AO77+AP77) -> 0 | AS77: =ROUNDUP(AL77/2,0) -> 2 | AT77: =COUNTIF(A:A,A77) -> 3
A78: 22105-K44-V00 | B78: BOSH PULLY / BOSH ROLLER H.BEAT FI ESP ORI | C78: CVT | D78: ORISIN | E78: B | F78: 25500 | G78: 1 | H78: GSM | I78: NSA | J78: 1 | K78: 1 | L78: 3 | M78: 1 | N78: 2 | O78: 1 | P78: 0 | Q78: 0 | R78: 0 | S78: 0 | T78: 2 | U78: 0 | V78: 0 | W78: 0 | X78: 3 | Y78: 4 | Z78: 3 | AA78: 3 | AB78: 1 | AC78: 0 | AD78: 0 | AE78: 0 | AF78: 2 | AG78: 0 | AH78: 0 | AI78: 0 | AJ78: 3 | AK78: 4 | AL78: 3 | AM78: 4 | AN78: PACUL | AO78: 4 | AP78: =IFERROR(IF(AN78="CIKDITIRO",VLOOKUP(A78,'BR DTG CIKDITIRO'!C:E,3,0),IF(FR_HITUNG_MINMAX!AN78="PESALAKAN",VLOOKUP(FR_HITUNG_MINMAX!A78,'BR DTG ADW'!C:E,3,0),IF(FR_HITUNG_MINMAX!AN78="PACUL",VLOOKUP(FR_HITUNG_MINMAX!A78,'BR DTG PACUL'!C:E,3,0),IF(FR_HITUNG_MINMAX!AN78="TRAYEMAN",VLOOKUP(FR_HITUNG_MINMAX!A78,'BR DTG TRAYEMAN'!C:E,3,0),"?")))),0) -> 1 | AQ78: =IF(AN78="PACUL",VLOOKUP(A78,'STOK PACUL'!C:H,6,0),IF(FR_HITUNG_MINMAX!AN78="PESALAKAN",VLOOKUP(FR_HITUNG_MINMAX!A78,'STOK PESALAKAN'!C:H,6,0),IF(FR_HITUNG_MINMAX!AN78="CIKDITIRO",VLOOKUP(FR_HITUNG_MINMAX!A78,'STOK CIKDITIRO'!C:H,6,0),IF(FR_HITUNG_MINMAX!AN78="TRAYEMAN",VLOOKUP(FR_HITUNG_MINMAX!A78,'STOK TRAYEMAN'!C:H,6,0),"?")))) -> 5 | AR78: =IFERROR(AQ78,AO78+AP78) -> 5 | AS78: =ROUNDUP(AL78/2,0) -> 2 | AT78: =COUNTIF(A:A,A78) -> 4
A79: 22105-K97-T00 | B79: BOSH PULLY / BOSH ROLLER H.PCX 150 ORI | C79: CVT | D79: ORISIN | E79: D | F79: 31000 | G79: 1 | J79: 1 | K79: 1 | L79: 0 | M79: 0 | N79: 0 | O79: 0 | P79: 0 | Q79: 0 | R79: 0 | S79: 0 | T79: 0 | U79: 1 | V79: 0 | W79: 0 | X79: 1 | Y79: 0 | Z79: 0 | AA79: 0 | AB79: 0 | AC79: 0 | AD79: 0 | AE79: 0 | AF79: 0 | AG79: 1 | AH79: 1 | AI79: 0 | AJ79: 0 | AK79: 1 | AL79: 1 | AM79: 1 | AN79: PACUL | AO79: 0 | AP79: =IFERROR(IF(AN79="CIKDITIRO",VLOOKUP(A79,'BR DTG CIKDITIRO'!C:E,3,0),IF(FR_HITUNG_MINMAX!AN79="PESALAKAN",VLOOKUP(FR_HITUNG_MINMAX!A79,'BR DTG ADW'!C:E,3,0),IF(FR_HITUNG_MINMAX!AN79="PACUL",VLOOKUP(FR_HITUNG_MINMAX!A79,'BR DTG PACUL'!C:E,3,0),IF(FR_HITUNG_MINMAX!AN79="TRAYEMAN",VLOOKUP(FR_HITUNG_MINMAX!A79,'BR DTG TRAYEMAN'!C:E,3,0),"?")))),0) -> 0 | AQ79: =IF(AN79="PACUL",VLOOKUP(A79,'STOK PACUL'!C:H,6,0),IF(FR_HITUNG_MINMAX!AN79="PESALAKAN",VLOOKUP(FR_HITUNG_MINMAX!A79,'STOK PESALAKAN'!C:H,6,0),IF(FR_HITUNG_MINMAX!AN79="CIKDITIRO",VLOOKUP(FR_HITUNG_MINMAX!A79,'STOK CIKDITIRO'!C:H,6,0),IF(FR_HITUNG_MINMAX!AN79="TRAYEMAN",VLOOKUP(FR_HITUNG_MINMAX!A79,'STOK TRAYEMAN'!C:H,6,0),"?")))) -> 0 | AR79: =IFERROR(AQ79,AO79+AP79) -> 0 | AS79: =ROUNDUP(AL79/2,0) -> 1 | AT79: =COUNTIF(A:A,A79) -> 2
A80: 22105-KVB-900 | B80: BOSH PULLY / BOSH ROLLER H.VARIO CARBU ORI | C80: CVT | D80: ORISIN | E80: C | F80: 18500 | G80: 1 | H80: GSM | I80: NSA | J80: 1 | K80: 1 | L80: 1 | M80: 0 | N80: 0 | O80: 0 | P80: 2 | Q80: 0 | R80: 1 | S80: 0 | T80: 0 | U80: 0 | V80: 0 | W80: 0 | X80: 2 | Y80: 1 | Z80: 0 | AA80: 0 | AB80: 2 | AC80: 2 | AD80: 1 | AE80: 1 | AF80: 0 | AG80: 0 | AH80: 0 | AI80: 0 | AJ80: 1 | AK80: 2 | AL80: 2 | AM80: 2 | AN80: PACUL | AO80: 2 | AP80: =IFERROR(IF(AN80="CIKDITIRO",VLOOKUP(A80,'BR DTG CIKDITIRO'!C:E,3,0),IF(FR_HITUNG_MINMAX!AN80="PESALAKAN",VLOOKUP(FR_HITUNG_MINMAX!A80,'BR DTG ADW'!C:E,3,0),IF(FR_HITUNG_MINMAX!AN80="PACUL",VLOOKUP(FR_HITUNG_MINMAX!A80,'BR DTG PACUL'!C:E,3,0),IF(FR_HITUNG_MINMAX!AN80="TRAYEMAN",VLOOKUP(FR_HITUNG_MINMAX!A80,'BR DTG TRAYEMAN'!C:E,3,0),"?")))),0) -> 0 | AQ80: =IF(AN80="PACUL",VLOOKUP(A80,'STOK PACUL'!C:H,6,0),IF(FR_HITUNG_MINMAX!AN80="PESALAKAN",VLOOKUP(FR_HITUNG_MINMAX!A80,'STOK PESALAKAN'!C:H,6,0),IF(FR_HITUNG_MINMAX!AN80="CIKDITIRO",VLOOKUP(FR_HITUNG_MINMAX!A80,'STOK CIKDITIRO'!C:H,6,0),IF(FR_HITUNG_MINMAX!AN80="TRAYEMAN",VLOOKUP(FR_HITUNG_MINMAX!A80,'STOK TRAYEMAN'!C:H,6,0),"?")))) -> 2 | AR80: =IFERROR(AQ80,AO80+AP80) -> 2 | AS80: =ROUNDUP(AL80/2,0) -> 1 | AT80: =COUNTIF(A:A,A80) -> 3
A81: 22105-KVY-960 | B81: BOSH PULLY / BOSH ROLLER H.BEAT CARBU / BEAT FI NON ESP ORI | C81: CVT | D81: ORISIN | E81: C | F81: 29000 | G81: 1 | H81: GSM | I81: NSA | J81: 1 | K81: 1 | L81: 0 | M81: 0 | N81: 0 | O81: 2 | P81: 0 | Q81: 1 | R81: 1 | S81: 0 | T81: 0 | U81: 0 | V81: 0 | W81: 0 | X81: 2 | Y81: 0 | Z81: 0 | AA81: 2 | AB81: 2 | AC81: 1 | AD81: 2 | AE81: 1 | AF81: 0 | AG81: 0 | AH81: 0 | AI81: 0 | AJ81: 0 | AK81: 2 | AL81: 2 | AM81: 2 | AN81: PACUL | AO81: 2 | AP81: =IFERROR(IF(AN81="CIKDITIRO",VLOOKUP(A81,'BR DTG CIKDITIRO'!C:E,3,0),IF(FR_HITUNG_MINMAX!AN81="PESALAKAN",VLOOKUP(FR_HITUNG_MINMAX!A81,'BR DTG ADW'!C:E,3,0),IF(FR_HITUNG_MINMAX!AN81="PACUL",VLOOKUP(FR_HITUNG_MINMAX!A81,'BR DTG PACUL'!C:E,3,0),IF(FR_HITUNG_MINMAX!AN81="TRAYEMAN",VLOOKUP(FR_HITUNG_MINMAX!A81,'BR DTG TRAYEMAN'!C:E,3,0),"?")))),0) -> 0 | AQ81: =IF(AN81="PACUL",VLOOKUP(A81,'STOK PACUL'!C:H,6,0),IF(FR_HITUNG_MINMAX!AN81="PESALAKAN",VLOOKUP(FR_HITUNG_MINMAX!A81,'STOK PESALAKAN'!C:H,6,0),IF(FR_HITUNG_MINMAX!AN81="CIKDITIRO",VLOOKUP(FR_HITUNG_MINMAX!A81,'STOK CIKDITIRO'!C:H,6,0),IF(FR_HITUNG_MINMAX!AN81="TRAYEMAN",VLOOKUP(FR_HITUNG_MINMAX!A81,'STOK TRAYEMAN'!C:H,6,0),"?")))) -> 2 | AR81: =IFERROR(AQ81,AO81+AP81) -> 2 | AS81: =ROUNDUP(AL81/2,0) -> 1 | AT81: =COUNTIF(A:A,A81) -> 1
A82: 22105-KWN-900 | B82: BOSH PULLY / BOSH ROLLER H.VARIO 125 ORI | C82: CVT | D82: ORISIN | E82: B | F82: 46000 | G82: 1 | J82: 1 | K82: 1 | L82: 0 | M82: 1 | N82: 1 | O82: 1 | P82: 0 | Q82: 0 | R82: 2 | S82: 1 | T82: 1 | U82: 1 | V82: 0 | W82: 1 | X82: 2 | Y82: 1 | Z82: 2 | AA82: 2 | AB82: 1 | AC82: 0 | AD82: 2 | AE82: 3 | AF82: 2 | AG82: 2 | AH82: 1 | AI82: 1 | AJ82: 1 | AK82: 3 | AL82: 2 | AM82: 3 | AN82: PACUL | AO82: 3 | AP82: =IFERROR(IF(AN82="CIKDITIRO",VLOOKUP(A82,'BR DTG CIKDITIRO'!C:E,3,0),IF(FR_HITUNG_MINMAX!AN82="PESALAKAN",VLOOKUP(FR_HITUNG_MINMAX!A82,'BR DTG ADW'!C:E,3,0),IF(FR_HITUNG_MINMAX!AN82="PACUL",VLOOKUP(FR_HITUNG_MINMAX!A82,'BR DTG PACUL'!C:E,3,0),IF(FR_HITUNG_MINMAX!AN82="TRAYEMAN",VLOOKUP(FR_HITUNG_MINMAX!A82,'BR DTG TRAYEMAN'!C:E,3,0),"?")))),0) -> 0 | AQ82: =IF(AN82="PACUL",VLOOKUP(A82,'STOK PACUL'!C:H,6,0),IF(FR_HITUNG_MINMAX!AN82="PESALAKAN",VLOOKUP(FR_HITUNG_MINMAX!A82,'STOK PESALAKAN'!C:H,6,0),IF(FR_HITUNG_MINMAX!AN82="CIKDITIRO",VLOOKUP(FR_HITUNG_MINMAX!A82,'STOK CIKDITIRO'!C:H,6,0),IF(FR_HITUNG_MINMAX!AN82="TRAYEMAN",VLOOKUP(FR_HITUNG_MINMAX!A82,'STOK TRAYEMAN'!C:H,6,0),"?")))) -> 3 | AR82: =IFERROR(AQ82,AO82+AP82) -> 3 | AS82: =ROUNDUP(AL82/2,0) -> 1 | AT82: =COUNTIF(A:A,A82) -> 4
A83: 22110-K0J-N00 | B83: RUMAH ROLLER H.GENIO/ BEAT LED ORI | C83: CVT | D83: ORISIN | E83: C | F83: 62000 | G83: 1 | H83: SLT | I83: NSA | J83: 1 | K83: 1 | L83: 0 | M83: 0 | N83: 1 | O83: 0 | P83: 0 | Q83: 0 | R83: 0 | S83: 0 | T83: 1 | U83: 0 | V83: 3 | W83: 0 | X83: 3 | Y83: 0 | Z83: 1 | AA83: 1 | AB83: 0 | AC83: 0 | AD83: 0 | AE83: 0 | AF83: 1 | AG83: 0 | AH83: 3 | AI83: 3 | AJ83: 0 | AK83: 3 | AL83: 3 | AM83: 3 | AN83: PACUL | AO83: 2 | AP83: =IFERROR(IF(AN83="CIKDITIRO",VLOOKUP(A83,'BR DTG CIKDITIRO'!C:E,3,0),IF(FR_HITUNG_MINMAX!AN83="PESALAKAN",VLOOKUP(FR_HITUNG_MINMAX!A83,'BR DTG ADW'!C:E,3,0),IF(FR_HITUNG_MINMAX!AN83="PACUL",VLOOKUP(FR_HITUNG_MINMAX!A83,'BR DTG PACUL'!C:E,3,0),IF(FR_HITUNG_MINMAX!AN83="TRAYEMAN",VLOOKUP(FR_HITUNG_MINMAX!A83,'BR DTG TRAYEMAN'!C:E,3,0),"?")))),0) -> 0 | AQ83: =IF(AN83="PACUL",VLOOKUP(A83,'STOK PACUL'!C:H,6,0),IF(FR_HITUNG_MINMAX!AN83="PESALAKAN",VLOOKUP(FR_HITUNG_MINMAX!A83,'STOK PESALAKAN'!C:H,6,0),IF(FR_HITUNG_MINMAX!AN83="CIKDITIRO",VLOOKUP(FR_HITUNG_MINMAX!A83,'STOK CIKDITIRO'!C:H,6,0),IF(FR_HITUNG_MINMAX!AN83="TRAYEMAN",VLOOKUP(FR_HITUNG_MINMAX!A83,'STOK TRAYEMAN'!C:H,6,0),"?")))) -> 2 | AR83: =IFERROR(AQ83,AO83+AP83) -> 2 | AS83: =ROUNDUP(AL83/2,0) -> 2 | AT83: =COUNTIF(A:A,A83) -> 3
A84: 22110-K35-V00 | B84: RUMAH ROLLER H.VARIO 125 ESP ORI | C84: CVT | D84: ORISIN | E84: B | F84: 83000 | G84: 1 | H84: GSM | I84: NSA | J84: 1 | K84: 1 | L84: 1 | M84: 1 | N84: 1 | O84: 1 | P84: 0 | Q84: 0 | R84: 2 | S84: 0 | T84: 0 | U84: 0 | V84: 0 | W84: 1 | X84: 2 | Y84: 2 | Z84: 2 | AA84: 2 | AB84: 1 | AC84: 0 | AD84: 2 | AE84: 2 | AF84: 0 | AG84: 0 | AH84: 0 | AI84: 1 | AJ84: 2 | AK84: 2 | AL84: 2 | AM84: 2 | AN84: PACUL | AO84: 0 | AP84: =IFERROR(IF(AN84="CIKDITIRO",VLOOKUP(A84,'BR DTG CIKDITIRO'!C:E,3,0),IF(FR_HITUNG_MINMAX!AN84="PESALAKAN",VLOOKUP(FR_HITUNG_MINMAX!A84,'BR DTG ADW'!C:E,3,0),IF(FR_HITUNG_MINMAX!AN84="PACUL",VLOOKUP(FR_HITUNG_MINMAX!A84,'BR DTG PACUL'!C:E,3,0),IF(FR_HITUNG_MINMAX!AN84="TRAYEMAN",VLOOKUP(FR_HITUNG_MINMAX!A84,'BR DTG TRAYEMAN'!C:E,3,0),"?")))),0) -> 1 | AQ84: =IF(AN84="PACUL",VLOOKUP(A84,'STOK PACUL'!C:H,6,0),IF(FR_HITUNG_MINMAX!AN84="PESALAKAN",VLOOKUP(FR_HITUNG_MINMAX!A84,'STOK PESALAKAN'!C:H,6,0),IF(FR_HITUNG_MINMAX!AN84="CIKDITIRO",VLOOKUP(FR_HITUNG_MINMAX!A84,'STOK CIKDITIRO'!C:H,6,0),IF(FR_HITUNG_MINMAX!AN84="TRAYEMAN",VLOOKUP(FR_HITUNG_MINMAX!A84,'STOK TRAYEMAN'!C:H,6,0),"?")))) -> 1 | AR84: =IFERROR(AQ84,AO84+AP84) -> 1 | AS84: =ROUNDUP(AL84/2,0) -> 1 | AT84: =COUNTIF(A:A,A84) -> 4
A85: 22110-K44-V00 | B85: RUMAH ROLLER H.BEAT FI ESP ORI | C85: CVT | D85: ORISIN | E85: B | F85: 72000 | G85: 1 | H85: GSM | I85: NSA | J85: 1 | K85: 1 | L85: 3 | M85: 2 | N85: 2 | O85: 1 | P85: 0 | Q85: 0 | R85: 0 | S85: 0 | T85: 2 | U85: 0 | V85: 0 | W85: 0 | X85: 3 | Y85: 5 | Z85: 4 | AA85: 3 | AB85: 1 | AC85: 0 | AD85: 0 | AE85: 0 | AF85: 2 | AG85: 0 | AH85: 0 | AI85: 0 | AJ85: 3 | AK85: 5 | AL85: 3 | AM85: 5 | AN85: PACUL | AO85: 5 | AP85: =IFERROR(IF(AN85="CIKDITIRO",VLOOKUP(A85,'BR DTG CIKDITIRO'!C:E,3,0),IF(FR_HITUNG_MINMAX!AN85="PESALAKAN",VLOOKUP(FR_HITUNG_MINMAX!A85,'BR DTG ADW'!C:E,3,0),IF(FR_HITUNG_MINMAX!AN85="PACUL",VLOOKUP(FR_HITUNG_MINMAX!A85,'BR DTG PACUL'!C:E,3,0),IF(FR_HITUNG_MINMAX!AN85="TRAYEMAN",VLOOKUP(FR_HITUNG_MINMAX!A85,'BR DTG TRAYEMAN'!C:E,3,0),"?")))),0) -> 0 | AQ85: =IF(AN85="PACUL",VLOOKUP(A85,'STOK PACUL'!C:H,6,0),IF(FR_HITUNG_MINMAX!AN85="PESALAKAN",VLOOKUP(FR_HITUNG_MINMAX!A85,'STOK PESALAKAN'!C:H,6,0),IF(FR_HITUNG_MINMAX!AN85="CIKDITIRO",VLOOKUP(FR_HITUNG_MINMAX!A85,'STOK CIKDITIRO'!C:H,6,0),IF(FR_HITUNG_MINMAX!AN85="TRAYEMAN",VLOOKUP(FR_HITUNG_MINMAX!A85,'STOK TRAYEMAN'!C:H,6,0),"?")))) -> 5 | AR85: =IFERROR(AQ85,AO85+AP85) -> 5 | AS85: =ROUNDUP(AL85/2,0) -> 2 | AT85: =COUNTIF(A:A,A85) -> 4
A86: 22110-K97-T00 | B86: RUMAH ROLLER H.PCX 150 ORI | C86: CVT | D86: ORISIN | E86: D | F86: 99000 | G86: 1 | H86: SLT | I86: NSA | J86: 1 | K86: 1 | L86: 0 | M86: 0 | N86: 0 | O86: 0 | P86: 0 | Q86: 0 | R86: 0 | S86: 0 | T86: 0 | U86: 1 | V86: 0 | W86: 0 | X86: 1 | Y86: 0 | Z86: 0 | AA86: 0 | AB86: 0 | AC86: 0 | AD86: 0 | AE86: 0 | AF86: 0 | AG86: 1 | AH86: 1 | AI86: 0 | AJ86: 0 | AK86: 1 | AL86: 1 | AM86: 1 | AN86: PACUL | AO86: 1 | AP86: =IFERROR(IF(AN86="CIKDITIRO",VLOOKUP(A86,'BR DTG CIKDITIRO'!C:E,3,0),IF(FR_HITUNG_MINMAX!AN86="PESALAKAN",VLOOKUP(FR_HITUNG_MINMAX!A86,'BR DTG ADW'!C:E,3,0),IF(FR_HITUNG_MINMAX!AN86="PACUL",VLOOKUP(FR_HITUNG_MINMAX!A86,'BR DTG PACUL'!C:E,3,0),IF(FR_HITUNG_MINMAX!AN86="TRAYEMAN",VLOOKUP(FR_HITUNG_MINMAX!A86,'BR DTG TRAYEMAN'!C:E,3,0),"?")))),0) -> 0 | AQ86: =IF(AN86="PACUL",VLOOKUP(A86,'STOK PACUL'!C:H,6,0),IF(FR_HITUNG_MINMAX!AN86="PESALAKAN",VLOOKUP(FR_HITUNG_MINMAX!A86,'STOK PESALAKAN'!C:H,6,0),IF(FR_HITUNG_MINMAX!AN86="CIKDITIRO",VLOOKUP(FR_HITUNG_MINMAX!A86,'STOK CIKDITIRO'!C:H,6,0),IF(FR_HITUNG_MINMAX!AN86="TRAYEMAN",VLOOKUP(FR_HITUNG_MINMAX!A86,'STOK TRAYEMAN'!C:H,6,0),"?")))) -> 1 | AR86: =IFERROR(AQ86,AO86+AP86) -> 1 | AS86: =ROUNDUP(AL86/2,0) -> 1 | AT86: =COUNTIF(A:A,A86) -> 2
A87: 22110-KVB-900 | B87: RUMAH ROLLER H.VARIO CARBU ORI | C87: CVT | D87: ORISIN | E87: C | F87: 100860 | G87: 1 | H87: GSM | I87: NSA | J87: 2 | K87: 1 | L87: 1 | M87: 0 | N87: 0 | O87: 0 | P87: 2 | Q87: 1 | R87: 2 | S87: 0 | T87: 0 | U87: 0 | V87: 0 | W87: 0 | X87: 2 | Y87: 1 | Z87: 0 | AA87: 0 | AB87: 2 | AC87: 3 | AD87: 3 | AE87: 2 | AF87: 0 | AG87: 0 | AH87: 0 | AI87: 0 | AJ87: 1 | AK87: 3 | AL87: 2 | AM87: 3 | AN87: PACUL | AO87: 2 | AP87: =IFERROR(IF(AN87="CIKDITIRO",VLOOKUP(A87,'BR DTG CIKDITIRO'!C:E,3,0),IF(FR_HITUNG_MINMAX!AN87="PESALAKAN",VLOOKUP(FR_HITUNG_MINMAX!A87,'BR DTG ADW'!C:E,3,0),IF(FR_HITUNG_MINMAX!AN87="PACUL",VLOOKUP(FR_HITUNG_MINMAX!A87,'BR DTG PACUL'!C:E,3,0),IF(FR_HITUNG_MINMAX!AN87="TRAYEMAN",VLOOKUP(FR_HITUNG_MINMAX!A87,'BR DTG TRAYEMAN'!C:E,3,0),"?")))),0) -> 0 | AQ87: =IF(AN87="PACUL",VLOOKUP(A87,'STOK PACUL'!C:H,6,0),IF(FR_HITUNG_MINMAX!AN87="PESALAKAN",VLOOKUP(FR_HITUNG_MINMAX!A87,'STOK PESALAKAN'!C:H,6,0),IF(FR_HITUNG_MINMAX!AN87="CIKDITIRO",VLOOKUP(FR_HITUNG_MINMAX!A87,'STOK CIKDITIRO'!C:H,6,0),IF(FR_HITUNG_MINMAX!AN87="TRAYEMAN",VLOOKUP(FR_HITUNG_MINMAX!A87,'STOK TRAYEMAN'!C:H,6,0),"?")))) -> 2 | AR87: =IFERROR(AQ87,AO87+AP87) -> 2 | AS87: =ROUNDUP(AL87/2,0) -> 1 | AT87: =COUNTIF(A:A,A87) -> 3
A88: 22110-KVY-900 | B88: RUMAH ROLLER H.BEAT CARBU ORI | C88: CVT | D88: ORISIN | E88: D | F88: 67000 | G88: 1 | H88: GSM | I88: NSA | J88: 1 | K88: 1 | L88: 0 | M88: 0 | N88: 0 | O88: 1 | P88: 0 | Q88: 0 | R88: 0 | S88: 0 | T88: 0 | U88: 0 | V88: 0 | W88: 0 | X88: 1 | Y88: 0 | Z88: 0 | AA88: 1 | AB88: 1 | AC88: 0 | AD88: 0 | AE88: 0 | AF88: 0 | AG88: 0 | AH88: 0 | AI88: 0 | AJ88: 0 | AK88: 1 | AL88: 1 | AM88: 1 | AN88: PACUL | AO88: 1 | AP88: =IFERROR(IF(AN88="CIKDITIRO",VLOOKUP(A88,'BR DTG CIKDITIRO'!C:E,3,0),IF(FR_HITUNG_MINMAX!AN88="PESALAKAN",VLOOKUP(FR_HITUNG_MINMAX!A88,'BR DTG ADW'!C:E,3,0),IF(FR_HITUNG_MINMAX!AN88="PACUL",VLOOKUP(FR_HITUNG_MINMAX!A88,'BR DTG PACUL'!C:E,3,0),IF(FR_HITUNG_MINMAX!AN88="TRAYEMAN",VLOOKUP(FR_HITUNG_MINMAX!A88,'BR DTG TRAYEMAN'!C:E,3,0),"?")))),0) -> 0 | AQ88: =IF(AN88="PACUL",VLOOKUP(A88,'STOK PACUL'!C:H,6,0),IF(FR_HITUNG_MINMAX!AN88="PESALAKAN",VLOOKUP(FR_HITUNG_MINMAX!A88,'STOK PESALAKAN'!C:H,6,0),IF(FR_HITUNG_MINMAX!AN88="CIKDITIRO",VLOOKUP(FR_HITUNG_MINMAX!A88,'STOK CIKDITIRO'!C:H,6,0),IF(FR_HITUNG_MINMAX!AN88="TRAYEMAN",VLOOKUP(FR_HITUNG_MINMAX!A88,'STOK TRAYEMAN'!C:H,6,0),"?")))) -> 1 | AR88: =IFERROR(AQ88,AO88+AP88) -> 1 | AS88: =ROUNDUP(AL88/2,0) -> 1 | AT88: =COUNTIF(A:A,A88) -> 2
A89: 22110-KZR-600 | B89: RUMAH ROLLER H.VARIO 125 ORI | C89: CVT | D89: ORISIN | E89: C | F89: 85000 | G89: 1 | H89: GSM | I89: NSA | J89: 1 | K89: 1 | L89: 0 | M89: 0 | N89: 0 | O89: 0 | P89: 0 | Q89: 0 | R89: 1 | S89: 1 | T89: 1 | U89: 1 | V89: 0 | W89: 1 | X89: 1 | Y89: 0 | Z89: 0 | AA89: 0 | AB89: 0 | AC89: 0 | AD89: 1 | AE89: 2 | AF89: 2 | AG89: 2 | AH89: 1 | AI89: 1 | AJ89: 1 | AK89: 2 | AL89: 1 | AM89: 2 | AN89: PACUL | AO89: 1 | AP89: =IFERROR(IF(AN89="CIKDITIRO",VLOOKUP(A89,'BR DTG CIKDITIRO'!C:E,3,0),IF(FR_HITUNG_MINMAX!AN89="PESALAKAN",VLOOKUP(FR_HITUNG_MINMAX!A89,'BR DTG ADW'!C:E,3,0),IF(FR_HITUNG_MINMAX!AN89="PACUL",VLOOKUP(FR_HITUNG_MINMAX!A89,'BR DTG PACUL'!C:E,3,0),IF(FR_HITUNG_MINMAX!AN89="TRAYEMAN",VLOOKUP(FR_HITUNG_MINMAX!A89,'BR DTG TRAYEMAN'!C:E,3,0),"?")))),0) -> 1 | AQ89: =IF(AN89="PACUL",VLOOKUP(A89,'STOK PACUL'!C:H,6,0),IF(FR_HITUNG_MINMAX!AN89="PESALAKAN",VLOOKUP(FR_HITUNG_MINMAX!A89,'STOK PESALAKAN'!C:H,6,0),IF(FR_HITUNG_MINMAX!AN89="CIKDITIRO",VLOOKUP(FR_HITUNG_MINMAX!A89,'STOK CIKDITIRO'!C:H,6,0),IF(FR_HITUNG_MINMAX!AN89="TRAYEMAN",VLOOKUP(FR_HITUNG_MINMAX!A89,'STOK TRAYEMAN'!C:H,6,0),"?")))) -> 2 | AR89: =IFERROR(AQ89,AO89+AP89) -> 2 | AS89: =ROUNDUP(AL89/2,0) -> 1 | AT89: =COUNTIF(A:A,A89) -> 3
A90: 22123-K0J-N00 | B90: ROLLER H.GENIO ORI | C90: CVT | D90: ORISIN | E90: A | F90: 55000 | G90: 1 | J90: 1 | K90: 1 | L90: 3 | M90: 3 | N90: 0 | O90: 3 | P90: 3 | Q90: 4 | R90: 1 | S90: 3 | T90: 4 | U90: 1 | V90: 6 | W90: 0 | X90: 6 | Y90: 6 | Z90: 3 | AA90: 3 | AB90: 6 | AC90: 7 | AD90: 5 | AE90: 4 | AF90: 7 | AG90: 4 | AH90: 7 | AI90: 6 | AJ90: 3 | AK90: 7 | AL90: 6 | AM90: 7 | AN90: PACUL | AO90: 1 | AP90: =IFERROR(IF(AN90="CIKDITIRO",VLOOKUP(A90,'BR DTG CIKDITIRO'!C:E,3,0),IF(FR_HITUNG_MINMAX!AN90="PESALAKAN",VLOOKUP(FR_HITUNG_MINMAX!A90,'BR DTG ADW'!C:E,3,0),IF(FR_HITUNG_MINMAX!AN90="PACUL",VLOOKUP(FR_HITUNG_MINMAX!A90,'BR DTG PACUL'!C:E,3,0),IF(FR_HITUNG_MINMAX!AN90="TRAYEMAN",VLOOKUP(FR_HITUNG_MINMAX!A90,'BR DTG TRAYEMAN'!C:E,3,0),"?")))),0) -> 0 | AQ90: =IF(AN90="PACUL",VLOOKUP(A90,'STOK PACUL'!C:H,6,0),IF(FR_HITUNG_MINMAX!AN90="PESALAKAN",VLOOKUP(FR_HITUNG_MINMAX!A90,'STOK PESALAKAN'!C:H,6,0),IF(FR_HITUNG_MINMAX!AN90="CIKDITIRO",VLOOKUP(FR_HITUNG_MINMAX!A90,'STOK CIKDITIRO'!C:H,6,0),IF(FR_HITUNG_MINMAX!AN90="TRAYEMAN",VLOOKUP(FR_HITUNG_MINMAX!A90,'STOK TRAYEMAN'!C:H,6,0),"?")))) -> 1 | AR90: =IFERROR(AQ90,AO90+AP90) -> 1 | AS90: =ROUNDUP(AL90/2,0) -> 3 | AT90: =COUNTIF(A:A,A90) -> 4
A91: 22123-K0S-V00 | B91: ROLLER H.PCX 160 ORI | C91: CVT | D91: ORISIN | E91: D | F91: 49900 | G91: 1 | J91: 1 | K91: 1 | L91: 0 | M91: 0 | N91: 0 | O91: 0 | P91: 0 | Q91: 0 | R91: 1 | S91: 0 | T91: 0 | U91: 0 | V91: 0 | W91: 0 | X91: 1 | Y91: 0 | Z91: 0 | AA91: 0 | AB91: 0 | AC91: 0 | AD91: 1 | AE91: 1 | AF91: 0 | AG91: 0 | AH91: 0 | AI91: 0 | AJ91: 0 | AK91: 1 | AL91: 1 | AM91: 1 | AN91: PACUL | AO91: 2 | AP91: =IFERROR(IF(AN91="CIKDITIRO",VLOOKUP(A91,'BR DTG CIKDITIRO'!C:E,3,0),IF(FR_HITUNG_MINMAX!AN91="PESALAKAN",VLOOKUP(FR_HITUNG_MINMAX!A91,'BR DTG ADW'!C:E,3,0),IF(FR_HITUNG_MINMAX!AN91="PACUL",VLOOKUP(FR_HITUNG_MINMAX!A91,'BR DTG PACUL'!C:E,3,0),IF(FR_HITUNG_MINMAX!AN91="TRAYEMAN",VLOOKUP(FR_HITUNG_MINMAX!A91,'BR DTG TRAYEMAN'!C:E,3,0),"?")))),0) -> 0 | AQ91: =IF(AN91="PACUL",VLOOKUP(A91,'STOK PACUL'!C:H,6,0),IF(FR_HITUNG_MINMAX!AN91="PESALAKAN",VLOOKUP(FR_HITUNG_MINMAX!A91,'STOK PESALAKAN'!C:H,6,0),IF(FR_HITUNG_MINMAX!AN91="CIKDITIRO",VLOOKUP(FR_HITUNG_MINMAX!A91,'STOK CIKDITIRO'!C:H,6,0),IF(FR_HITUNG_MINMAX!AN91="TRAYEMAN",VLOOKUP(FR_HITUNG_MINMAX!A91,'STOK TRAYEMAN'!C:H,6,0),"?")))) -> 2 | AR91: =IFERROR(AQ91,AO91+AP91) -> 2 | AS91: =ROUNDUP(AL91/2,0) -> 1 | AT91: =COUNTIF(A:A,A91) -> 2
A92: 22123-K97-B00 | B92: ROLLER H.PCX 150 ORI | C92: CVT | D92: ORISIN | E92: B | F92: 45000 | G92: 1 | J92: 1 | K92: 1 | L92: 1 | M92: 1 | N92: 0 | O92: 2 | P92: 1 | Q92: 0 | R92: 0 | S92: 0 | T92: 1 | U92: 0 | V92: 0 | W92: 1 | X92: 2 | Y92: 2 | Z92: 1 | AA92: 2 | AB92: 3 | AC92: 1 | AD92: 0 | AE92: 0 | AF92: 1 | AG92: 0 | AH92: 0 | AI92: 1 | AJ92: 2 | AK92: 3 | AL92: 2 | AM92: 3 | AN92: PACUL | AO92: 2 | AP92: =IFERROR(IF(AN92="CIKDITIRO",VLOOKUP(A92,'BR DTG CIKDITIRO'!C:E,3,0),IF(FR_HITUNG_MINMAX!AN92="PESALAKAN",VLOOKUP(FR_HITUNG_MINMAX!A92,'BR DTG ADW'!C:E,3,0),IF(FR_HITUNG_MINMAX!AN92="PACUL",VLOOKUP(FR_HITUNG_MINMAX!A92,'BR DTG PACUL'!C:E,3,0),IF(FR_HITUNG_MINMAX!AN92="TRAYEMAN",VLOOKUP(FR_HITUNG_MINMAX!A92,'BR DTG TRAYEMAN'!C:E,3,0),"?")))),0) -> 0 | AQ92: =IF(AN92="PACUL",VLOOKUP(A92,'STOK PACUL'!C:H,6,0),IF(FR_HITUNG_MINMAX!AN92="PESALAKAN",VLOOKUP(FR_HITUNG_MINMAX!A92,'STOK PESALAKAN'!C:H,6,0),IF(FR_HITUNG_MINMAX!AN92="CIKDITIRO",VLOOKUP(FR_HITUNG_MINMAX!A92,'STOK CIKDITIRO'!C:H,6,0),IF(FR_HITUNG_MINMAX!AN92="TRAYEMAN",VLOOKUP(FR_HITUNG_MINMAX!A92,'STOK TRAYEMAN'!C:H,6,0),"?")))) -> 2 | AR92: =IFERROR(AQ92,AO92+AP92) -> 2 | AS92: =ROUNDUP(AL92/2,0) -> 1 | AT92: =COUNTIF(A:A,A92) -> 3
A93: 2212A-K35-640 | B93: ROLLER H.VARIO 125 LED ORI | C93: CVT | D93: ORISIN | E93: B | F93: 37188 | G93: 1 | H93: HKJ | I93: NSA | J93: 1 | K93: 1 | L93: 1 | M93: 0 | N93: 2 | O93: 2 | P93: 0 | Q93: 0 | R93: 1 | S93: 1 | T93: 1 | U93: 0 | V93: 0 | W93: 4 | X93: 4 | Y93: 1 | Z93: 2 | AA93: 4 | AB93: 2 | AC93: 0 | AD93: 1 | AE93: 2 | AF93: 2 | AG93: 1 | AH93: 0 | AI93: 4 | AJ93: 5 | AK93: 5 | AL93: 4 | AM93: 5 | AN93: PACUL | AO93: 0 | AP93: =IFERROR(IF(AN93="CIKDITIRO",VLOOKUP(A93,'BR DTG CIKDITIRO'!C:E,3,0),IF(FR_HITUNG_MINMAX!AN93="PESALAKAN",VLOOKUP(FR_HITUNG_MINMAX!A93,'BR DTG ADW'!C:E,3,0),IF(FR_HITUNG_MINMAX!AN93="PACUL",VLOOKUP(FR_HITUNG_MINMAX!A93,'BR DTG PACUL'!C:E,3,0),IF(FR_HITUNG_MINMAX!AN93="TRAYEMAN",VLOOKUP(FR_HITUNG_MINMAX!A93,'BR DTG TRAYEMAN'!C:E,3,0),"?")))),0) -> 0 | AQ93: =IF(AN93="PACUL",VLOOKUP(A93,'STOK PACUL'!C:H,6,0),IF(FR_HITUNG_MINMAX!AN93="PESALAKAN",VLOOKUP(FR_HITUNG_MINMAX!A93,'STOK PESALAKAN'!C:H,6,0),IF(FR_HITUNG_MINMAX!AN93="CIKDITIRO",VLOOKUP(FR_HITUNG_MINMAX!A93,'STOK CIKDITIRO'!C:H,6,0),IF(FR_HITUNG_MINMAX!AN93="TRAYEMAN",VLOOKUP(FR_HITUNG_MINMAX!A93,'STOK TRAYEMAN'!C:H,6,0),"?")))) -> 0 | AR93: =IFERROR(AQ93,AO93+AP93) -> 0 | AS93: =ROUNDUP(AL93/2,0) -> 2 | AT93: =COUNTIF(A:A,A93) -> 3
A94: 2212A-K36-T00 | B94: ROLLER H.VARIO 150 ORI | C94: CVT | D94: ORISIN | E94: D | F94: 49000 | G94: 1 | H94: GSM | I94: NSA | J94: 2 | K94: 1 | L94: 0 | M94: 0 | N94: 1 | O94: 0 | P94: 0 | Q94: 0 | R94: 0 | S94: 0 | T94: 0 | U94: 0 | V94: 0 | W94: 1 | X94: 1 | Y94: 0 | Z94: 1 | AA94: 1 | AB94: 0 | AC94: 0 | AD94: 0 | AE94: 0 | AF94: 0 | AG94: 0 | AH94: 0 | AI94: 1 | AJ94: 1 | AK94: 1 | AL94: 1 | AM94: 1 | AN94: PACUL | AO94: 5 | AP94: =IFERROR(IF(AN94="CIKDITIRO",VLOOKUP(A94,'BR DTG CIKDITIRO'!C:E,3,0),IF(FR_HITUNG_MINMAX!AN94="PESALAKAN",VLOOKUP(FR_HITUNG_MINMAX!A94,'BR DTG ADW'!C:E,3,0),IF(FR_HITUNG_MINMAX!AN94="PACUL",VLOOKUP(FR_HITUNG_MINMAX!A94,'BR DTG PACUL'!C:E,3,0),IF(FR_HITUNG_MINMAX!AN94="TRAYEMAN",VLOOKUP(FR_HITUNG_MINMAX!A94,'BR DTG TRAYEMAN'!C:E,3,0),"?")))),0) -> 0 | AQ94: =IF(AN94="PACUL",VLOOKUP(A94,'STOK PACUL'!C:H,6,0),IF(FR_HITUNG_MINMAX!AN94="PESALAKAN",VLOOKUP(FR_HITUNG_MINMAX!A94,'STOK PESALAKAN'!C:H,6,0),IF(FR_HITUNG_MINMAX!AN94="CIKDITIRO",VLOOKUP(FR_HITUNG_MINMAX!A94,'STOK CIKDITIRO'!C:H,6,0),IF(FR_HITUNG_MINMAX!AN94="TRAYEMAN",VLOOKUP(FR_HITUNG_MINMAX!A94,'STOK TRAYEMAN'!C:H,6,0),"?")))) -> 5 | AR94: =IFERROR(AQ94,AO94+AP94) -> 5 | AS94: =ROUNDUP(AL94/2,0) -> 1 | AT94: =COUNTIF(A:A,A94) -> 4
A95: 2212A-K44-V00 | B95: ROLLER H.BEAT FI ESP ORI | C95: CVT | D95: ORISIN | E95: A | F95: 50000 | G95: 1 | H95: GSM | I95: NSA | J95: 3 | K95: 1 | L95: 2 | M95: 2 | N95: 6 | O95: 10 | P95: 3 | Q95: 1 | R95: 1 | S95: 3 | T95: 2 | U95: 1 | V95: 1 | W95: 1 | X95: 10 | Y95: 4 | Z95: 8 | AA95: 16 | AB95: 13 | AC95: 4 | AD95: 2 | AE95: 4 | AF95: 5 | AG95: 4 | AH95: 2 | AI95: 2 | AJ95: 3 | AK95: 16 | AL95: 10 | AM95: 16 | AN95: PACUL | AO95: 9 | AP95: =IFERROR(IF(AN95="CIKDITIRO",VLOOKUP(A95,'BR DTG CIKDITIRO'!C:E,3,0),IF(FR_HITUNG_MINMAX!AN95="PESALAKAN",VLOOKUP(FR_HITUNG_MINMAX!A95,'BR DTG ADW'!C:E,3,0),IF(FR_HITUNG_MINMAX!AN95="PACUL",VLOOKUP(FR_HITUNG_MINMAX!A95,'BR DTG PACUL'!C:E,3,0),IF(FR_HITUNG_MINMAX!AN95="TRAYEMAN",VLOOKUP(FR_HITUNG_MINMAX!A95,'BR DTG TRAYEMAN'!C:E,3,0),"?")))),0) -> 0 | AQ95: =IF(AN95="PACUL",VLOOKUP(A95,'STOK PACUL'!C:H,6,0),IF(FR_HITUNG_MINMAX!AN95="PESALAKAN",VLOOKUP(FR_HITUNG_MINMAX!A95,'STOK PESALAKAN'!C:H,6,0),IF(FR_HITUNG_MINMAX!AN95="CIKDITIRO",VLOOKUP(FR_HITUNG_MINMAX!A95,'STOK CIKDITIRO'!C:H,6,0),IF(FR_HITUNG_MINMAX!AN95="TRAYEMAN",VLOOKUP(FR_HITUNG_MINMAX!A95,'STOK TRAYEMAN'!C:H,6,0),"?")))) -> 9 | AR95: =IFERROR(AQ95,AO95+AP95) -> 9 | AS95: =ROUNDUP(AL95/2,0) -> 5 | AT95: =COUNTIF(A:A,A95) -> 4
A96: 2212A-KVB-900 | B96: ROLLER H.VARIO/BEAT ORI | C96: CVT | D96: ORISIN | E96: B | F96: 62500 | G96: 1 | H96: GSM | I96: NSA | J96: 1 | K96: 1 | L96: 2 | M96: 0 | N96: 0 | O96: 1 | P96: 2 | Q96: 1 | R96: 2 | S96: 0 | T96: 0 | U96: 0 | V96: 1 | W96: 1 | X96: 2 | Y96: 2 | Z96: 0 | AA96: 1 | AB96: 3 | AC96: 3 | AD96: 3 | AE96: 2 | AF96: 0 | AG96: 0 | AH96: 1 | AI96: 2 | AJ96: 3 | AK96: 3 | AL96: 2 | AM96: 3 | AN96: PACUL | AO96: 4 | AP96: =IFERROR(IF(AN96="CIKDITIRO",VLOOKUP(A96,'BR DTG CIKDITIRO'!C:E,3,0),IF(FR_HITUNG_MINMAX!AN96="PESALAKAN",VLOOKUP(FR_HITUNG_MINMAX!A96,'BR DTG ADW'!C:E,3,0),IF(FR_HITUNG_MINMAX!AN96="PACUL",VLOOKUP(FR_HITUNG_MINMAX!A96,'BR DTG PACUL'!C:E,3,0),IF(FR_HITUNG_MINMAX!AN96="TRAYEMAN",VLOOKUP(FR_HITUNG_MINMAX!A96,'BR DTG TRAYEMAN'!C:E,3,0),"?")))),0) -> 0 | AQ96: =IF(AN96="PACUL",VLOOKUP(A96,'STOK PACUL'!C:H,6,0),IF(FR_HITUNG_MINMAX!AN96="PESALAKAN",VLOOKUP(FR_HITUNG_MINMAX!A96,'STOK PESALAKAN'!C:H,6,0),IF(FR_HITUNG_MINMAX!AN96="CIKDITIRO",VLOOKUP(FR_HITUNG_MINMAX!A96,'STOK CIKDITIRO'!C:H,6,0),IF(FR_HITUNG_MINMAX!AN96="TRAYEMAN",VLOOKUP(FR_HITUNG_MINMAX!A96,'STOK TRAYEMAN'!C:H,6,0),"?")))) -> 4 | AR96: =IFERROR(AQ96,AO96+AP96) -> 4 | AS96: =ROUNDUP(AL96/2,0) -> 1 | AT96: =COUNTIF(A:A,A96) -> 4
A97: 2212A-KVY-900 | B97: ROLLER H.BEAT CARBU ORI | C97: CVT | D97: ORISIN | E97: C | F97: 58000 | G97: 1 | H97: GSM | I97: NSA | J97: 1 | K97: 1 | L97: 0 | M97: 1 | N97: 0 | O97: 3 | P97: 1 | Q97: 0 | R97: 0 | S97: 0 | T97: 0 | U97: 0 | V97: 0 | W97: 0 | X97: 3 | Y97: 1 | Z97: 1 | AA97: 3 | AB97: 4 | AC97: 1 | AD97: 0 | AE97: 0 | AF97: 0 | AG97: 0 | AH97: 0 | AI97: 0 | AJ97: 0 | AK97: 4 | AL97: 3 | AM97: 4 | AN97: PACUL | AO97: 2 | AP97: =IFERROR(IF(AN97="CIKDITIRO",VLOOKUP(A97,'BR DTG CIKDITIRO'!C:E,3,0),IF(FR_HITUNG_MINMAX!AN97="PESALAKAN",VLOOKUP(FR_HITUNG_MINMAX!A97,'BR DTG ADW'!C:E,3,0),IF(FR_HITUNG_MINMAX!AN97="PACUL",VLOOKUP(FR_HITUNG_MINMAX!A97,'BR DTG PACUL'!C:E,3,0),IF(FR_HITUNG_MINMAX!AN97="TRAYEMAN",VLOOKUP(FR_HITUNG_MINMAX!A97,'BR DTG TRAYEMAN'!C:E,3,0),"?")))),0) -> 0 | AQ97: =IF(AN97="PACUL",VLOOKUP(A97,'STOK PACUL'!C:H,6,0),IF(FR_HITUNG_MINMAX!AN97="PESALAKAN",VLOOKUP(FR_HITUNG_MINMAX!A97,'STOK PESALAKAN'!C:H,6,0),IF(FR_HITUNG_MINMAX!AN97="CIKDITIRO",VLOOKUP(FR_HITUNG_MINMAX!A97,'STOK CIKDITIRO'!C:H,6,0),IF(FR_HITUNG_MINMAX!AN97="TRAYEMAN",VLOOKUP(FR_HITUNG_MINMAX!A97,'STOK TRAYEMAN'!C:H,6,0),"?")))) -> 2 | AR97: =IFERROR(AQ97,AO97+AP97) -> 2 | AS97: =ROUNDUP(AL97/2,0) -> 2 | AT97: =COUNTIF(A:A,A97) -> 3
A98: 2212A-KWN-900 | B98: ROLLER H.VARIO 125 ORI | C98: CVT | D98: ORISIN | E98: D | F98: 61000 | G98: 1 | H98: GSM | I98: NSA | J98: 1 | K98: 1 | L98: 0 | M98: 0 | N98: 0 | O98: 0 | P98: 0 | Q98: 0 | R98: 1 | S98: 1 | T98: 1 | U98: 0 | V98: 0 | W98: 0 | X98: 1 | Y98: 0 | Z98: 0 | AA98: 0 | AB98: 0 | AC98: 0 | AD98: 1 | AE98: 2 | AF98: 2 | AG98: 1 | AH98: 0 | AI98: 0 | AJ98: 0 | AK98: 2 | AL98: 1 | AM98: 2 | AN98: PACUL | AO98: 4 | AP98: =IFERROR(IF(AN98="CIKDITIRO",VLOOKUP(A98,'BR DTG CIKDITIRO'!C:E,3,0),IF(FR_HITUNG_MINMAX!AN98="PESALAKAN",VLOOKUP(FR_HITUNG_MINMAX!A98,'BR DTG ADW'!C:E,3,0),IF(FR_HITUNG_MINMAX!AN98="PACUL",VLOOKUP(FR_HITUNG_MINMAX!A98,'BR DTG PACUL'!C:E,3,0),IF(FR_HITUNG_MINMAX!AN98="TRAYEMAN",VLOOKUP(FR_HITUNG_MINMAX!A98,'BR DTG TRAYEMAN'!C:E,3,0),"?")))),0) -> 0 | AQ98: =IF(AN98="PACUL",VLOOKUP(A98,'STOK PACUL'!C:H,6,0),IF(FR_HITUNG_MINMAX!AN98="PESALAKAN",VLOOKUP(FR_HITUNG_MINMAX!A98,'STOK PESALAKAN'!C:H,6,0),IF(FR_HITUNG_MINMAX!AN98="CIKDITIRO",VLOOKUP(FR_HITUNG_MINMAX!A98,'STOK CIKDITIRO'!C:H,6,0),IF(FR_HITUNG_MINMAX!AN98="TRAYEMAN",VLOOKUP(FR_HITUNG_MINMAX!A98,'STOK TRAYEMAN'!C:H,6,0),"?")))) -> 4 | AR98: =IFERROR(AQ98,AO98+AP98) -> 4 | AS98: =ROUNDUP(AL98/2,0) -> 1 | AT98: =COUNTIF(A:A,A98) -> 1
A99: 22131-KVB-900 | B99: LAWAN RUMAH ROLLER H.VARIO 110 CARBU ORI | C99: CVT | D99: ORISIN | E99: D | F99: 46000 | G99: 1 | H99: GSM | I99: NSA | J99: 1 | K99: 1 | L99: 0 | M99: 0 | N99: 0 | O99: 0 | P99: 0 | Q99: 0 | R99: 0 | S99: 0 | T99: 1 | U99: 0 | V99: 0 | W99: 0 | X99: 1 | Y99: 0 | Z99: 0 | AA99: 0 | AB99: 0 | AC99: 0 | AD99: 0 | AE99: 0 | AF99: 1 | AG99: 0 | AH99: 0 | AI99: 0 | AJ99: 0 | AK99: 1 | AL99: 1 | AM99: 1 | AN99: PACUL | AO99: 1 | AP99: =IFERROR(IF(AN99="CIKDITIRO",VLOOKUP(A99,'BR DTG CIKDITIRO'!C:E,3,0),IF(FR_HITUNG_MINMAX!AN99="PESALAKAN",VLOOKUP(FR_HITUNG_MINMAX!A99,'BR DTG ADW'!C:E,3,0),IF(FR_HITUNG_MINMAX!AN99="PACUL",VLOOKUP(FR_HITUNG_MINMAX!A99,'BR DTG PACUL'!C:E,3,0),IF(FR_HITUNG_MINMAX!AN99="TRAYEMAN",VLOOKUP(FR_HITUNG_MINMAX!A99,'BR DTG TRAYEMAN'!C:E,3,0),"?")))),0) -> 0 | AQ99: =IF(AN99="PACUL",VLOOKUP(A99,'STOK PACUL'!C:H,6,0),IF(FR_HITUNG_MINMAX!AN99="PESALAKAN",VLOOKUP(FR_HITUNG_MINMAX!A99,'STOK PESALAKAN'!C:H,6,0),IF(FR_HITUNG_MINMAX!AN99="CIKDITIRO",VLOOKUP(FR_HITUNG_MINMAX!A99,'STOK CIKDITIRO'!C:H,6,0),IF(FR_HITUNG_MINMAX!AN99="TRAYEMAN",VLOOKUP(FR_HITUNG_MINMAX!A99,'STOK TRAYEMAN'!C:H,6,0),"?")))) -> 1 | AR99: =IFERROR(AQ99,AO99+AP99) -> 1 | AS99: =ROUNDUP(AL99/2,0) -> 1 | AT99: =COUNTIF(A:A,A99) -> 2
A100: 22132-GCC-771 | B100: KLIP ROLLER H.VARIO 110 ORI (1PCS) | C100: CVT | D100: ORISIN | E100: B | F100: 12500 | G100: 1 | H100: GSM | I100: NSA | J100: 8 | K100: 1 | L100: 0 | M100: 0 | N100: 0 | O100: 0 | P100: 0 | Q100: 0 | R100: 0 | S100: 0 | T100: 0 | U100: 12 | V100: 12 | W100: 3 | X100: 12 | Y100: 0 | Z100: 0 | AA100: 0 | AB100: 0 | AC100: 0 | AD100: 0 | AE100: 0 | AF100: 0 | AG100: 12 | AH100: 24 | AI100: 15 | AJ100: 3 | AK100: 24 | AL100: 12 | AM100: 24 | AN100: PACUL | AO100: 9 | AP100: =IFERROR(IF(AN100="CIKDITIRO",VLOOKUP(A100,'BR DTG CIKDITIRO'!C:E,3,0),IF(FR_HITUNG_MINMAX!AN100="PESALAKAN",VLOOKUP(FR_HITUNG_MINMAX!A100,'BR DTG ADW'!C:E,3,0),IF(FR_HITUNG_MINMAX!AN100="PACUL",VLOOKUP(FR_HITUNG_MINMAX!A100,'BR DTG PACUL'!C:E,3,0),IF(FR_HITUNG_MINMAX!AN100="TRAYEMAN",VLOOKUP(FR_HITUNG_MINMAX!A100,'BR DTG TRAYEMAN'!C:E,3,0),"?")))),0) -> 0 | AQ100: =IF(AN100="PACUL",VLOOKUP(A100,'STOK PACUL'!C:H,6,0),IF(FR_HITUNG_MINMAX!AN100="PESALAKAN",VLOOKUP(FR_HITUNG_MINMAX!A100,'STOK PESALAKAN'!C:H,6,0),IF(FR_HITUNG_MINMAX!AN100="CIKDITIRO",VLOOKUP(FR_HITUNG_MINMAX!A100,'STOK CIKDITIRO'!C:H,6,0),IF(FR_HITUNG_MINMAX!AN100="TRAYEMAN",VLOOKUP(FR_HITUNG_MINMAX!A100,'STOK TRAYEMAN'!C:H,6,0),"?")))) -> 9 | AR100: =IFERROR(AQ100,AO100+AP100) -> 9 | AS100: =ROUNDUP(AL100/2,0) -> 6 | AT100: =COUNTIF(A:A,A100) -> 3
...

Sheet KATEGORI PACUL
A1: STS | B1: PACUL | E1: KLIK REFRESH ALL
A3: NoItem | B3: STATUS | C3: STOK | D3: MAX_STOK
A4: 06381-KZR-600 | B4: D | C4: 0 | D4: 0
A5: 06401-KPH-881 | B5: D | C5: 2 | D5: 2
A6: 06401-KWW-900 | B6: D | C6: 1 | D6: 1
A7: 06455-K59-A71 | B7: D | C7: 0 | D7: 1
A8: 06455-KR3-404 | B8: D | C8: 1 | D8: 1
A9: 06455-KVB-T01 | B9: A | C9: 1 | D9: 8
A10: 06455-KWB-601 | B10: C | C10: 2 | D10: 2
A11: 06535-GN5-505 | B11: A | C11: 10 | D11: 9
A12: 08232-2MB-K8JN1 | B12: A | C12: 26 | D12: 64
A13: 08232-M99-K1JN1 | B13: A | C13: 68 | D13: 91
A14: 08232-M99-K8JN9 | B14: A | C14: 8 | D14: 12
A15: 082332M99K8JNI | B15: C | C15: 4 | D15: 2
... A495: WR-HB6300RS | B495: D | C495: 0 | D495: 0

Sheet KATEGORI PESALAKAN
A1: STS | B1: PESALAKAN | E1: KLIK REFRESH ALL
A3: NoItem | B3: STATUS | C3: STOK | D3: MAX_STOK
A4: 06381-KZR-600 | B4: D | C4: 0 | D4: 0
A5: 06401-KPH-881 | B5: D | C5: 1 | D5: 1
A6: 06455-KR3-404 | B6: D | C6: 1 | D6: 1
A7: 06535-GN5-505 | B7: A | C7: 20 | D7: 10
A8: 08232-2MB-K8JN1 | B8: A | C8: 82 | D8: 76
A9: 08232-M99-K1JN1 | B9: A | C9: 90 | D9: 89
A10: 08232-M99-K8JN9 | B10: B | C10: 2 | D10: 7
A11: 082332M99K8JNI | B11: B | C11: 4 | D11: 3
A12: 08234-2MB-K8JN0 | B12: A | C12: 20 | D12: 14
A13: 08CLA-H50-500 | B13: A | C13: 109 | D13: 16
A14: 09355-50105L460 | B14: D | C14: 3 | D14: 2
A15: 110/90-1264J | B15: C | C15: 1 | D15: 2
... A411: TMSABF | B411: D | C411: 0 | D411: 0

Sheet KATEGORI CIKDITIRO
A1: STS | B1: CIKDITIRO | E1: KLIK REFRESH ALL
A3: NoItem | B3: STATUS | C3: STOK | D3: MAX_STOK
A4: 06381-KZR-600 | B4: D | C4: 0 | D4: 0
A5: 06401-KWW-900 | B5: D | C5: 0 | D5: 1
A6: 06435-KPP-901 | B6: D | C6: 1 | D6: 1
A7: 06455-KR3-404 | B7: D | C7: 1 | D7: 1
A8: 06455-KVB-T01 | B8: C | C8: 0 | D8: 2
A9: 06455-KWB-601 | B9: D | C9: 0 | D9: 1
A10: 06535-GN5-505 | B10: B | C10: 5 | D10: 7
A11: 06535-KTR-900 | B11: D | C11: 0 | D11: 1
A12: 08232-2MB-K8JN1 | B12: A | C12: 27 | D12: 60
A13: 08232-M99-K1JN1 | B13: A | C13: 30 | D13: 71
A14: 08232-M99-K8JN9 | B14: B | C14: 4 | D14: 4
A15: 082332M99K8JNI | B15: C | C15: 4 | D15: 11
... A458: TSTHIMI | B458: D | C458: 0 | D458: 1

Sheet BR DTG ADW
A1: NoTransaksi | B1: NamaSupplier | C1: NoItem | D1: NamaItem | E1: Quantity | F1: PASTIKAN SEMUA BARANG DATANG DI ADW YG BLM DIHITUNG DLM STOK OPNAM MASUK DISINI

Sheet BR DTG PACUL
A1: NoTransaksi | B1: NamaSupplier | C1: NoItem | D1: NamaItem | E1: Quantity | F1: PASTIKAN SEMUA BARANG DATANG DI PACUL YG BLM DIHITUNG DLM STOK OPNAM MASUK DISINI, LALU KLIK REFRESH ALL
C2: 17210-KVB-930 | D2: FILTER UDARA H.VARIO 110 ORI | E2: 2
C3: 22105-K44-V00 | D3: BOSH PULLY / BOSH ROLLER H.BEAT FI ESP ORI | E3: 1
C4: 2PH-E7641-00 | D4: FANBELT Y.MIO M3 ORI | E4: 1
C5: 35345-GW0-900 | D5: SWITCH REM KIRI H.VARIO ORI (PB) | E5: 2
C6: 38110-KZR-601 | D6: KLAKSON H.VARIO ORI (PB) | E6: 2
C7: 91202-KVB-901 | D7: OIL SEAL KRUK AS / SIL KER AS H.BEAT/ 20.8X52X7.5 ORI (PK) | E7: 5
C8: 91211-GK8-013 | D8: SEAL PULLY / SIL PULLY H.BEAT FI ORI (91211-GFC-771) | E8: 2
C9: 16450-KZR-B21 | D9: INJEKTOR H.VARIO 125 ORI | E9: 3
C10: 22110-K35-V00 | D10: RUMAH ROLLER H.VARIO 125 ESP ORI | E10: 1
C11: 22110-KZR-600 | D11: RUMAH ROLLER H.VARIO 125 ORI | E11: 1
C12: 22535-KVY-900 | D12: KAMPAS GANDA H.BEAT CARBU ORI | E12: 1
C13: 53175-KVG-A21 | D13: HANDLE REM KANAN H.VARIO CBS ORI (PK) | E13: 1
C14: 91009-KVB-903 | D14: LAHER 60/22 UU / LAHER GEAR AS RODA H.VARIO ORI | E14: 1

Sheet BR DTG CIKDITIRO
A1: NoTransaksi | B1: NamaSupplier | C1: NoItem | D1: NamaItem | E1: Quantity | F1: PASTIKAN SEMUA BARANG DATANG DI CIKDITIRO YG BLM DIHITUNG DLM STOK OPNAM MASUK DISINI, LALU KLIK REFRESH ALL
C2: 38110-KZR-601 | D2: KLAKSON H.VARIO ORI (PB) | E2: 1
C3: 44711-K59-A12 | D3: BAN TUBLES 80/90-14 H.AHM ORI | E3: 1
C4: 91005-KVB-N50 | D4: LAHER CVT H.BEAT ORI | E4: 3
C5: 91202-KVB-901 | D5: OIL SEAL KRUK AS / SIL KER AS H.BEAT/ 20.8X52X7.5 ORI (PK) | E5: 4
C6: 93102-24802 | D6: OIL SEAL KRUK AS / SIL KER AS Y.LEXI ORI (PK) | E6: 1
C7: 22535-K2F-N00 | D7: KAMPAS GANDA H.BEAT/SCOOPY LED NEW ORI | E7: 1
C8: 22110-K35-V00 | D8: RUMAH ROLLER H.VARIO 125 ESP ORI | E8: 1
C9: 53178-K81-N30 | D9: HANDLE REM KIRI H.BEAT/SCOOPY FI ESP ORI (PK) | E9: 1

Sheet SUPPLIER
A3: Row Labels | D3: Row Labels
A4: AAR | D4: NSA
A5: AIT | D5: BJP
A6: AJM | D6: IMAM
